Family,Subfamily,Tribe,Genus,Species,Binomial,genusSpecies
Hesperiidae,Hesperiinae,Baorini,Borbo,borbonica,Borbo_borbonica,Borbo_borbonica
Hesperiidae,Pyrginae,Carcharodini,Carcharodus,stauderi,Carcharodus_stauderi,Carcharodus_stauderi
Hesperiidae,Pyrginae,Carcharodini,Carcharodus,baeticus,Carcharodus_baeticus,Carcharodus_baeticus
Hesperiidae,Pyrginae,Carcharodini,Carcharodus,alceae,Carcharodus_alceae,Carcharodus_alceae
Hesperiidae,Pyrginae,Carcharodini,Carcharodus,orientalis,Carcharodus_orientalis,Carcharodus_orientalis
Hesperiidae,Pyrginae,Carcharodini,Carcharodus,floccifera,Carcharodus_floccifera,Carcharodus_floccifera
Hesperiidae,Pyrginae,Carcharodini,Carcharodus,lavatherae,Carcharodus_lavatherae,Carcharodus_lavatherae
Hesperiidae,Heteropterinae,Heteropterini,Carterocephalus,silvicola,Carterocephalus_silvicola,Carterocephalus_silvicola
Hesperiidae,Heteropterinae,Heteropterini,Carterocephalus,palaemon,Carterocephalus_palaemon,Carterocephalus_palaemon
Hesperiidae,Pyrginae,Erynnini,Erynnis,marloyi,Erynnis_marloyi,Erynnis_marloyi
Hesperiidae,Pyrginae,Erynnini,Erynnis,tages,Erynnis_tages,Erynnis_tages
Hesperiidae,Hesperiinae,Baorini,Gegenes,pumilio,Gegenes_pumilio,Gegenes_pumilio
Hesperiidae,Hesperiinae,Baorini,Gegenes,nostrodamus,Gegenes_nostrodamus,Gegenes_nostrodamus
Hesperiidae,Hesperiinae,Hesperiini,Hesperia,comma,Hesperia_comma,Hesperia_comma
Hesperiidae,Heteropterinae,Heteropterini,Heteropterus,morpheus,Heteropterus_morpheus,Heteropterus_morpheus
Hesperiidae,Pyrginae,Carcharodini,Muschampia,proto,Muschampia_proto,Muschampia_proto
Hesperiidae,Pyrginae,Carcharodini,Muschampia,cribrellum,Muschampia_cribrellum,Muschampia_cribrellum
Hesperiidae,Pyrginae,Carcharodini,Muschampia,tessellum,Muschampia_tessellum,Muschampia_tessellum
Hesperiidae,Hesperiinae,Hesperiini,Ochlodes,sylvanus,Ochlodes_sylvanus,Ochlodes_sylvanus
Hesperiidae,Hesperiinae,Baorini,Pelopidas,thrax,Pelopidas_thrax,Pelopidas_thrax
Hesperiidae,Pyrginae,Pyrgini,Pyrgus,alveus,Pyrgus_alveus,Pyrgus_alveus
Hesperiidae,Pyrginae,Pyrgini,Pyrgus,andromedae,Pyrgus_andromedae,Pyrgus_andromedae
Hesperiidae,Pyrginae,Pyrgini,Pyrgus,carlinae,Pyrgus_carlinae,Pyrgus_carlinae
Hesperiidae,Pyrginae,Pyrgini,Pyrgus,carthami,Pyrgus_carthami,Pyrgus_carthami
Hesperiidae,Pyrginae,Pyrgini,Pyrgus,cacaliae,Pyrgus_cacaliae,Pyrgus_cacaliae
Hesperiidae,Pyrginae,Pyrgini,Pyrgus,cirsii,Pyrgus_cirsii,Pyrgus_cirsii
Hesperiidae,Pyrginae,Pyrgini,Pyrgus,foulquieri,Pyrgus_foulquieri,Pyrgus_foulquieri
Hesperiidae,Pyrginae,Pyrgini,Pyrgus,centaureae,Pyrgus_centaureae,Pyrgus_centaureae
Hesperiidae,Pyrginae,Pyrgini,Pyrgus,cinarae,Pyrgus_cinarae,Pyrgus_cinarae
Hesperiidae,Pyrginae,Pyrgini,Pyrgus,serratulae,Pyrgus_serratulae,Pyrgus_serratulae
Hesperiidae,Pyrginae,Pyrgini,Pyrgus,sidae,Pyrgus_sidae,Pyrgus_sidae
Hesperiidae,Pyrginae,Pyrgini,Pyrgus,warrenensis,Pyrgus_warrenensis,Pyrgus_warrenensis
Hesperiidae,Pyrginae,Pyrgini,Pyrgus,armoricanus,Pyrgus_armoricanus,Pyrgus_armoricanus
Hesperiidae,Pyrginae,Pyrgini,Pyrgus,onopordi,Pyrgus_onopordi,Pyrgus_onopordi
Hesperiidae,Pyrginae,Pyrgini,Pyrgus,malvae,Pyrgus_malvae,Pyrgus_malvae
Hesperiidae,Pyrginae,Carcharodini,Spialia,phlomidis,Spialia_phlomidis,Spialia_phlomidis
Hesperiidae,Pyrginae,Carcharodini,Spialia,sertorius,Spialia_sertorius,Spialia_sertorius
Hesperiidae,Pyrginae,Carcharodini,Spialia,orbifer,Spialia_orbifer,Spialia_orbifer
Hesperiidae,Pyrginae,Carcharodini,Spialia,therapne,Spialia_therapne,Spialia_therapne
Hesperiidae,Hesperiinae,Hesperiini,Thymelicus,acteon,Thymelicus_acteon,Thymelicus_acteon
Hesperiidae,Hesperiinae,Hesperiini,Thymelicus,christi,Thymelicus_christi,Thymelicus_christi
Hesperiidae,Hesperiinae,Hesperiini,Thymelicus,lineola,Thymelicus_lineola,Thymelicus_lineola
Hesperiidae,Hesperiinae,Hesperiini,Thymelicus,sylvestris,Thymelicus_sylvestris,Thymelicus_sylvestris
Lycaenidae,Polyommatinae,Polyommatini,Agriades,aquilo,Agriades_aquilo,Agriades_aquilo
Lycaenidae,Polyommatinae,Polyommatini,Agriades,dardanus,Agriades_dardanus,Agriades_dardanus
Lycaenidae,Polyommatinae,Polyommatini,Agriades,pyrenaicus,Agriades_pyrenaicus,Agriades_pyrenaicus
Lycaenidae,Polyommatinae,Polyommatini,Agriades,optilete,Agriades_optilete,Agriades_optilete
Lycaenidae,Polyommatinae,Polyommatini,Agriades,glandon,Agriades_glandon,Agriades_glandon
Lycaenidae,Polyommatinae,Polyommatini,Agriades,zullichi,Agriades_zullichi,Agriades_zullichi
Lycaenidae,Polyommatinae,Polyommatini,Aricia,artaxerxes,Aricia_artaxerxes,Aricia_artaxerxes
Lycaenidae,Polyommatinae,Polyommatini,Aricia,anteros,Aricia_anteros,Aricia_anteros
Lycaenidae,Polyommatinae,Polyommatini,Aricia,montensis,Aricia_montensis,Aricia_montensis
Lycaenidae,Polyommatinae,Polyommatini,Aricia,cramera,Aricia_cramera,Aricia_cramera
Lycaenidae,Polyommatinae,Polyommatini,Aricia,agestis,Aricia_agestis,Aricia_agestis
Lycaenidae,Polyommatinae,Polyommatini,Aricia,morronensis,Aricia_morronensis,Aricia_morronensis
Lycaenidae,Polyommatinae,Polyommatini,Aricia,nicias,Aricia_nicias,Aricia_nicias
Lycaenidae,Polyommatinae,Polyommatini,Azanus,jesous,Azanus_jesous,Azanus_jesous
Lycaenidae,Polyommatinae,Polyommatini,Azanus,ubaldus,Azanus_ubaldus,Azanus_ubaldus
Lycaenidae,Polyommatinae,Polyommatini,Cacyreus,marshalli,Cacyreus_marshalli,Cacyreus_marshalli
Lycaenidae,Theclinae,Eumaeini,Callophrys,avis,Callophrys_avis,Callophrys_avis
Lycaenidae,Theclinae,Eumaeini,Callophrys,rubi,Callophrys_rubi,Callophrys_rubi
Lycaenidae,Polyommatinae,Polyommatini,Celastrina,argiolus,Celastrina_argiolus,Celastrina_argiolus
Lycaenidae,Polyommatinae,Polyommatini,Cupido,alcetas,Cupido_alcetas,Cupido_alcetas
Lycaenidae,Polyommatinae,Polyommatini,Cupido,decoloratus,Cupido_decoloratus,Cupido_decoloratus
Lycaenidae,Polyommatinae,Polyommatini,Cupido,lorquinii,Cupido_lorquinii,Cupido_lorquinii
Lycaenidae,Polyommatinae,Polyommatini,Cupido,osiris,Cupido_osiris,Cupido_osiris
Lycaenidae,Polyommatinae,Polyommatini,Cupido,argiades,Cupido_argiades,Cupido_argiades
Lycaenidae,Polyommatinae,Polyommatini,Cupido,minimus,Cupido_minimus,Cupido_minimus
Lycaenidae,Polyommatinae,Polyommatini,Cyaniris,semiargus,Cyaniris_semiargus,Cyaniris_semiargus
Lycaenidae,Polyommatinae,Polyommatini,Cyclyrius,webbianus,Cyclyrius_webbianus,Cyclyrius_webbianus
Lycaenidae,Polyommatinae,Polyommatini,Eumedonia,eumedon,Eumedonia_eumedon,Eumedonia_eumedon
Lycaenidae,Polyommatinae,Polyommatini,Freyeria,trochylus,Freyeria_trochylus,Freyeria_trochylus
Lycaenidae,Polyommatinae,Polyommatini,Glaucopsyche,alexis,Glaucopsyche_alexis,Glaucopsyche_alexis
Lycaenidae,Polyommatinae,Polyommatini,Glaucopsyche,melanops,Glaucopsyche_melanops,Glaucopsyche_melanops
Lycaenidae,Polyommatinae,Polyommatini,Iolana,iolas,Iolana_iolas,Iolana_iolas
Lycaenidae,Polyommatinae,Polyommatini,Kretania,hesperica,Kretania_hesperica,Kretania_hesperica
Lycaenidae,Polyommatinae,Polyommatini,Kretania,trappi,Kretania_trappi,Kretania_trappi
Lycaenidae,Polyommatinae,Polyommatini,Kretania,eurypilus,Kretania_eurypilus,Kretania_eurypilus
Lycaenidae,Polyommatinae,Polyommatini,Kretania,psylorita,Kretania_psylorita,Kretania_psylorita
Lycaenidae,Polyommatinae,Polyommatini,Kretania,sephirus,Kretania_sephirus,Kretania_sephirus
Lycaenidae,Theclinae,Theclini,Laeosopis,roboris,Laeosopis_roboris,Laeosopis_roboris
Lycaenidae,Polyommatinae,Polyommatini,Lampides,boeticus,Lampides_boeticus,Lampides_boeticus
Lycaenidae,Polyommatinae,Polyommatini,Leptotes,pirithous,Leptotes_pirithous,Leptotes_pirithous
Lycaenidae,Lycaeninae,Lycaenini,Lycaena,hippothoe,Lycaena_hippothoe,Lycaena_hippothoe
Lycaenidae,Lycaeninae,Lycaenini,Lycaena,thetis,Lycaena_thetis,Lycaena_thetis
Lycaenidae,Lycaeninae,Lycaenini,Lycaena,ottomana,Lycaena_ottomana,Lycaena_ottomana
Lycaenidae,Lycaeninae,Lycaenini,Lycaena,thersamon,Lycaena_thersamon,Lycaena_thersamon
Lycaenidae,Lycaeninae,Lycaenini,Lycaena,candens,Lycaena_candens,Lycaena_candens
Lycaenidae,Lycaeninae,Lycaenini,Lycaena,tityrus,Lycaena_tityrus,Lycaena_tityrus
Lycaenidae,Lycaeninae,Lycaenini,Lycaena,virgaureae,Lycaena_virgaureae,Lycaena_virgaureae
Lycaenidae,Lycaeninae,Lycaenini,Lycaena,phlaeas,Lycaena_phlaeas,Lycaena_phlaeas
Lycaenidae,Lycaeninae,Lycaenini,Lycaena,alciphron,Lycaena_alciphron,Lycaena_alciphron
Lycaenidae,Lycaeninae,Lycaenini,Lycaena,dispar,Lycaena_dispar,Lycaena_dispar
Lycaenidae,Lycaeninae,Lycaenini,Lycaena,helle,Lycaena_helle,Lycaena_helle
Lycaenidae,Lycaeninae,Lycaenini,Lycaena,bleusei,Lycaena_bleusei,Lycaena_bleusei
Lycaenidae,Polyommatinae,Polyommatini,Lysandra,albicans,Lysandra_albicans,Lysandra_albicans
Lycaenidae,Polyommatinae,Polyommatini,Lysandra,bellargus,Lysandra_bellargus,Lysandra_bellargus
Lycaenidae,Polyommatinae,Polyommatini,Lysandra,caelestissima,Lysandra_caelestissima,Lysandra_caelestissima
Lycaenidae,Polyommatinae,Polyommatini,Lysandra,coridon,Lysandra_coridon,Lysandra_coridon
Lycaenidae,Polyommatinae,Polyommatini,Lysandra,hispana,Lysandra_hispana,Lysandra_hispana
Lycaenidae,Polyommatinae,Polyommatini,Neolysandra,coelestina,Neolysandra_coelestina,Neolysandra_coelestina
Lycaenidae,Polyommatinae,Polyommatini,Phengaris,teleius,Phengaris_teleius,Phengaris_teleius
Lycaenidae,Polyommatinae,Polyommatini,Phengaris,alcon,Phengaris_alcon,Phengaris_alcon
Lycaenidae,Polyommatinae,Polyommatini,Phengaris,nausithous,Phengaris_nausithous,Phengaris_nausithous
Lycaenidae,Polyommatinae,Polyommatini,Phengaris,arion,Phengaris_arion,Phengaris_arion
Lycaenidae,Polyommatinae,Polyommatini,Plebejidea,loewii,Plebejidea_loewii,Plebejidea_loewii
Lycaenidae,Polyommatinae,Polyommatini,Plebejus,idas,Plebejus_idas,Plebejus_idas
Lycaenidae,Polyommatinae,Polyommatini,Plebejus,argyrognomon,Plebejus_argyrognomon,Plebejus_argyrognomon
Lycaenidae,Polyommatinae,Polyommatini,Plebejus,argus,Plebejus_argus,Plebejus_argus
Lycaenidae,Polyommatinae,Polyommatini,Polyommatus,aroaniensis,Polyommatus_aroaniensis,Polyommatus_aroaniensis
Lycaenidae,Polyommatinae,Polyommatini,Polyommatus,daphnis,Polyommatus_daphnis,Polyommatus_daphnis
Lycaenidae,Polyommatinae,Polyommatini,Polyommatus,dolus,Polyommatus_dolus,Polyommatus_dolus
Lycaenidae,Polyommatinae,Polyommatini,Polyommatus,admetus,Polyommatus_admetus,Polyommatus_admetus
Lycaenidae,Polyommatinae,Polyommatini,Polyommatus,icarus,Polyommatus_icarus,Polyommatus_icarus
Lycaenidae,Polyommatinae,Polyommatini,Polyommatus,amandus,Polyommatus_amandus,Polyommatus_amandus
Lycaenidae,Polyommatinae,Polyommatini,Polyommatus,celina,Polyommatus_celina,Polyommatus_celina
Lycaenidae,Polyommatinae,Polyommatini,Polyommatus,damon,Polyommatus_damon,Polyommatus_damon
Lycaenidae,Polyommatinae,Polyommatini,Polyommatus,ripartii,Polyommatus_ripartii,Polyommatus_ripartii
Lycaenidae,Polyommatinae,Polyommatini,Polyommatus,thersites,Polyommatus_thersites,Polyommatus_thersites
Lycaenidae,Polyommatinae,Polyommatini,Polyommatus,nephohiptamenos,Polyommatus_nephohiptamenos,Polyommatus_nephohiptamenos
Lycaenidae,Polyommatinae,Polyommatini,Polyommatus,nivescens,Polyommatus_nivescens,Polyommatus_nivescens
Lycaenidae,Polyommatinae,Polyommatini,Polyommatus,eros,Polyommatus_eros,Polyommatus_eros
Lycaenidae,Polyommatinae,Polyommatini,Polyommatus,escheri,Polyommatus_escheri,Polyommatus_escheri
Lycaenidae,Polyommatinae,Polyommatini,Polyommatus,violetae,Polyommatus_violetae,Polyommatus_violetae
Lycaenidae,Polyommatinae,Polyommatini,Polyommatus,dorylas,Polyommatus_dorylas,Polyommatus_dorylas
Lycaenidae,Polyommatinae,Polyommatini,Polyommatus,humedasae,Polyommatus_humedasae,Polyommatus_humedasae
Lycaenidae,Polyommatinae,Polyommatini,Polyommatus,iphigenia,Polyommatus_iphigenia,Polyommatus_iphigenia
Lycaenidae,Polyommatinae,Polyommatini,Polyommatus,fabressei,Polyommatus_fabressei,Polyommatus_fabressei
Lycaenidae,Polyommatinae,Polyommatini,Polyommatus,golgus,Polyommatus_golgus,Polyommatus_golgus
Lycaenidae,Theclinae,Eumaeini,Satyrium,acaciae,Satyrium_acaciae,Satyrium_acaciae
Lycaenidae,Theclinae,Eumaeini,Satyrium,ledereri,Satyrium_ledereri,Satyrium_ledereri
Lycaenidae,Theclinae,Eumaeini,Satyrium,pruni,Satyrium_pruni,Satyrium_pruni
Lycaenidae,Theclinae,Eumaeini,Satyrium,esculi,Satyrium_esculi,Satyrium_esculi
Lycaenidae,Theclinae,Eumaeini,Satyrium,walbum,Satyrium_walbum,Satyrium_w-album
Lycaenidae,Theclinae,Eumaeini,Satyrium,ilicis,Satyrium_ilicis,Satyrium_ilicis
Lycaenidae,Theclinae,Eumaeini,Satyrium,spini,Satyrium_spini,Satyrium_spini
Lycaenidae,Polyommatinae,Polyommatini,Scolitantides,orion,Scolitantides_orion,Scolitantides_orion
Lycaenidae,Polyommatinae,Polyommatini,Tarucus,theophrastus,Tarucus_theophrastus,Tarucus_theophrastus
Lycaenidae,Polyommatinae,Polyommatini,Tarucus,balkanicus,Tarucus_balkanicus,Tarucus_balkanicus
Lycaenidae,Theclinae,Theclini,Thecla,betulae,Thecla_betulae,Thecla_betulae
Lycaenidae,Theclinae,Tomarini,Tomares,ballus,Tomares_ballus,Tomares_ballus
Lycaenidae,Theclinae,Tomarini,Tomares,nogelii,Tomares_nogelii,Tomares_nogelii
Lycaenidae,Polyommatinae,Polyommatini,Turanana,taygetica,Turanana_taygetica,Turanana_taygetica
Lycaenidae,Polyommatinae,Polyommatini,Zizeeria,knysna,Zizeeria_knysna,Zizeeria_knysna
Nymphalidae,Nymphalinae,Nymphalini,Aglais,ichnusa,Aglais_ichnusa,Aglais_ichnusa
Nymphalidae,Nymphalinae,Nymphalini,Aglais,io,Aglais_io,Aglais_io
Nymphalidae,Nymphalinae,Nymphalini,Aglais,urticae,Aglais_urticae,Aglais_urticae
Nymphalidae,Apaturinae,,Apatura,ilia,Apatura_ilia,Apatura_ilia
Nymphalidae,Apaturinae,,Apatura,iris,Apatura_iris,Apatura_iris
Nymphalidae,Apaturinae,,Apatura,metis,Apatura_metis,Apatura_metis
Nymphalidae,Satyrinae,Satyrini,Aphantopus,hyperantus,Aphantopus_hyperantus,Aphantopus_hyperantus
Nymphalidae,Satyrinae,Satyrini,Arethusana,arethusa,Arethusana_arethusa,Arethusana_arethusa
Nymphalidae,Heliconiinae,Argynnini,Argynnis,laodice,Argynnis_laodice,Argynnis_laodice
Nymphalidae,Heliconiinae,Argynnini,Argynnis,pandora,Argynnis_pandora,Argynnis_pandora
Nymphalidae,Heliconiinae,Argynnini,Argynnis,paphia,Argynnis_paphia,Argynnis_paphia
Nymphalidae,Heliconiinae,Argynnini,Boloria,graeca,Boloria_graeca,Boloria_graeca
Nymphalidae,Heliconiinae,Argynnini,Boloria,frigga,Boloria_frigga,Boloria_frigga
Nymphalidae,Heliconiinae,Argynnini,Boloria,dia,Boloria_dia,Boloria_dia
Nymphalidae,Heliconiinae,Argynnini,Boloria,improba,Boloria_improba,Boloria_improba
Nymphalidae,Heliconiinae,Argynnini,Boloria,freija,Boloria_freija,Boloria_freija
Nymphalidae,Heliconiinae,Argynnini,Boloria,chariclea,Boloria_chariclea,Boloria_chariclea
Nymphalidae,Heliconiinae,Argynnini,Boloria,pales,Boloria_pales,Boloria_pales
Nymphalidae,Heliconiinae,Argynnini,Boloria,polaris,Boloria_polaris,Boloria_polaris
Nymphalidae,Heliconiinae,Argynnini,Boloria,euphrosyne,Boloria_euphrosyne,Boloria_euphrosyne
Nymphalidae,Heliconiinae,Argynnini,Boloria,napaea,Boloria_napaea,Boloria_napaea
Nymphalidae,Heliconiinae,Argynnini,Boloria,aquilonaris,Boloria_aquilonaris,Boloria_aquilonaris
Nymphalidae,Heliconiinae,Argynnini,Boloria,eunomia,Boloria_eunomia,Boloria_eunomia
Nymphalidae,Heliconiinae,Argynnini,Boloria,selene,Boloria_selene,Boloria_selene
Nymphalidae,Heliconiinae,Argynnini,Boloria,thore,Boloria_thore,Boloria_thore
Nymphalidae,Heliconiinae,Argynnini,Boloria,titania,Boloria_titania,Boloria_titania
Nymphalidae,Heliconiinae,Argynnini,Brenthis,hecate,Brenthis_hecate,Brenthis_hecate
Nymphalidae,Heliconiinae,Argynnini,Brenthis,daphne,Brenthis_daphne,Brenthis_daphne
Nymphalidae,Heliconiinae,Argynnini,Brenthis,ino,Brenthis_ino,Brenthis_ino
Nymphalidae,Satyrinae,Satyrini,Brintesia,circe,Brintesia_circe,Brintesia_circe
Nymphalidae,Charaxinae,Charaxini,Charaxes,jasius,Charaxes_jasius,Charaxes_jasius
Nymphalidae,Satyrinae,Satyrini,Chazara,briseis,Chazara_briseis,Chazara_briseis
Nymphalidae,Satyrinae,Satyrini,Chazara,prieuri,Chazara_prieuri,Chazara_prieuri
Nymphalidae,Satyrinae,Satyrini,Coenonympha,rhodopensis,Coenonympha_rhodopensis,Coenonympha_rhodopensis
Nymphalidae,Satyrinae,Satyrini,Coenonympha,hero,Coenonympha_hero,Coenonympha_hero
Nymphalidae,Satyrinae,Satyrini,Coenonympha,arcania,Coenonympha_arcania,Coenonympha_arcania
Nymphalidae,Satyrinae,Satyrini,Coenonympha,thyrsis,Coenonympha_thyrsis,Coenonympha_thyrsis
Nymphalidae,Satyrinae,Satyrini,Coenonympha,gardetta,Coenonympha_gardetta,Coenonympha_gardetta
Nymphalidae,Satyrinae,Satyrini,Coenonympha,glycerion,Coenonympha_glycerion,Coenonympha_glycerion
Nymphalidae,Satyrinae,Satyrini,Coenonympha,leander,Coenonympha_leander,Coenonympha_leander
Nymphalidae,Satyrinae,Satyrini,Coenonympha,tullia,Coenonympha_tullia,Coenonympha_tullia
Nymphalidae,Satyrinae,Satyrini,Coenonympha,orientalis,Coenonympha_orientalis,Coenonympha_orientalis
Nymphalidae,Satyrinae,Satyrini,Coenonympha,pamphilus,Coenonympha_pamphilus,Coenonympha_pamphilus
Nymphalidae,Satyrinae,Satyrini,Coenonympha,corinna,Coenonympha_corinna,Coenonympha_corinna
Nymphalidae,Satyrinae,Satyrini,Coenonympha,dorus,Coenonympha_dorus,Coenonympha_dorus
Nymphalidae,Satyrinae,Satyrini,Coenonympha,oedippus,Coenonympha_oedippus,Coenonympha_oedippus
Nymphalidae,Danainae,Danaini,Danaus,plexippus,Danaus_plexippus,Danaus_plexippus
Nymphalidae,Danainae,Danaini,Danaus,chrysippus,Danaus_chrysippus,Danaus_chrysippus
Nymphalidae,Satyrinae,Satyrini,Erebia,albergana,Erebia_albergana,Erebia_albergana
Nymphalidae,Satyrinae,Satyrini,Erebia,epiphron,Erebia_epiphron,Erebia_epiphron
Nymphalidae,Satyrinae,Satyrini,Erebia,arvernensis,Erebia_arvernensis,Erebia_arvernensis
Nymphalidae,Satyrinae,Satyrini,Erebia,aethiops,Erebia_aethiops,Erebia_aethiops
Nymphalidae,Satyrinae,Satyrini,Erebia,gorge,Erebia_gorge,Erebia_gorge
Nymphalidae,Satyrinae,Satyrini,Erebia,lefebvrei,Erebia_lefebvrei,Erebia_lefebvrei
Nymphalidae,Satyrinae,Satyrini,Erebia,ligea,Erebia_ligea,Erebia_ligea
Nymphalidae,Satyrinae,Satyrini,Erebia,gorgone,Erebia_gorgone,Erebia_gorgone
Nymphalidae,Satyrinae,Satyrini,Erebia,aethiopella,Erebia_aethiopella,Erebia_aethiopella
Nymphalidae,Satyrinae,Satyrini,Erebia,melampus,Erebia_melampus,Erebia_melampus
Nymphalidae,Satyrinae,Satyrini,Erebia,melas,Erebia_melas,Erebia_melas
Nymphalidae,Satyrinae,Satyrini,Erebia,epistygne,Erebia_epistygne,Erebia_epistygne
Nymphalidae,Satyrinae,Satyrini,Erebia,hispania,Erebia_hispania,Erebia_hispania
Nymphalidae,Satyrinae,Satyrini,Erebia,euryale,Erebia_euryale,Erebia_euryale
Nymphalidae,Satyrinae,Satyrini,Erebia,flavofasciata,Erebia_flavofasciata,Erebia_flavofasciata
Nymphalidae,Satyrinae,Satyrini,Erebia,nivalis,Erebia_nivalis,Erebia_nivalis
Nymphalidae,Satyrinae,Satyrini,Erebia,oeme,Erebia_oeme,Erebia_oeme
Nymphalidae,Satyrinae,Satyrini,Erebia,orientalis,Erebia_orientalis,Erebia_orientalis
Nymphalidae,Satyrinae,Satyrini,Erebia,ottomana,Erebia_ottomana,Erebia_ottomana
Nymphalidae,Satyrinae,Satyrini,Erebia,palarica,Erebia_palarica,Erebia_palarica
Nymphalidae,Satyrinae,Satyrini,Erebia,manto,Erebia_manto,Erebia_manto
Nymphalidae,Satyrinae,Satyrini,Erebia,medusa,Erebia_medusa,Erebia_medusa
Nymphalidae,Satyrinae,Satyrini,Erebia,pluto,Erebia_pluto,Erebia_pluto
Nymphalidae,Satyrinae,Satyrini,Erebia,polaris,Erebia_polaris,Erebia_polaris
Nymphalidae,Satyrinae,Satyrini,Erebia,pronoe,Erebia_pronoe,Erebia_pronoe
Nymphalidae,Satyrinae,Satyrini,Erebia,eriphyle,Erebia_eriphyle,Erebia_eriphyle
Nymphalidae,Satyrinae,Satyrini,Erebia,rondoui,Erebia_rondoui,Erebia_rondoui
Nymphalidae,Satyrinae,Satyrini,Erebia,scipio,Erebia_scipio,Erebia_scipio
Nymphalidae,Satyrinae,Satyrini,Erebia,sthennyo,Erebia_sthennyo,Erebia_sthennyo
Nymphalidae,Satyrinae,Satyrini,Erebia,stiria,Erebia_stiria,Erebia_stiria
Nymphalidae,Satyrinae,Satyrini,Erebia,styx,Erebia_styx,Erebia_styx
Nymphalidae,Satyrinae,Satyrini,Erebia,sudetica,Erebia_sudetica,Erebia_sudetica
Nymphalidae,Satyrinae,Satyrini,Erebia,triarius,Erebia_triarius,Erebia_triarius
Nymphalidae,Satyrinae,Satyrini,Erebia,pandrose,Erebia_pandrose,Erebia_pandrose
Nymphalidae,Satyrinae,Satyrini,Erebia,pharte,Erebia_pharte,Erebia_pharte
Nymphalidae,Satyrinae,Satyrini,Erebia,claudina,Erebia_claudina,Erebia_claudina
Nymphalidae,Satyrinae,Satyrini,Erebia,disa,Erebia_disa,Erebia_disa
Nymphalidae,Satyrinae,Satyrini,Erebia,embla,Erebia_embla,Erebia_embla
Nymphalidae,Satyrinae,Satyrini,Erebia,meolans,Erebia_meolans,Erebia_meolans
Nymphalidae,Satyrinae,Satyrini,Erebia,mnestra,Erebia_mnestra,Erebia_mnestra
Nymphalidae,Satyrinae,Satyrini,Erebia,montana,Erebia_montana,Erebia_montana
Nymphalidae,Satyrinae,Satyrini,Erebia,neoridas,Erebia_neoridas,Erebia_neoridas
Nymphalidae,Satyrinae,Satyrini,Erebia,calcarius,Erebia_calcarius,Erebia_calcarius
Nymphalidae,Satyrinae,Satyrini,Erebia,cassioides,Erebia_cassioides,Erebia_cassioides
Nymphalidae,Satyrinae,Satyrini,Erebia,christi,Erebia_christi,Erebia_christi
Nymphalidae,Satyrinae,Satyrini,Erebia,zapateri,Erebia_zapateri,Erebia_zapateri
Nymphalidae,Satyrinae,Satyrini,Erebia,tyndarus,Erebia_tyndarus,Erebia_tyndarus
Nymphalidae,Satyrinae,Satyrini,Erebia,rhodopensis,Erebia_rhodopensis,Erebia_rhodopensis
Nymphalidae,Nymphalinae,Melitaeini,Euphydryas,aurinia,Euphydryas_aurinia,Euphydryas_aurinia
Nymphalidae,Nymphalinae,Melitaeini,Euphydryas,iduna,Euphydryas_iduna,Euphydryas_iduna
Nymphalidae,Nymphalinae,Melitaeini,Euphydryas,cynthia,Euphydryas_cynthia,Euphydryas_cynthia
Nymphalidae,Nymphalinae,Melitaeini,Euphydryas,desfontainii,Euphydryas_desfontainii,Euphydryas_desfontainii
Nymphalidae,Nymphalinae,Melitaeini,Euphydryas,intermedia,Euphydryas_intermedia,Euphydryas_intermedia
Nymphalidae,Nymphalinae,Melitaeini,Euphydryas,maturna,Euphydryas_maturna,Euphydryas_maturna
Nymphalidae,Satyrinae,Satyrini,Hipparchia,bacchus,Hipparchia_bacchus,Hipparchia_bacchus
Nymphalidae,Satyrinae,Satyrini,Hipparchia,cretica,Hipparchia_cretica,Hipparchia_cretica
Nymphalidae,Satyrinae,Satyrini,Hipparchia,pellucida,Hipparchia_pellucida,Hipparchia_pellucida
Nymphalidae,Satyrinae,Satyrini,Hipparchia,semele,Hipparchia_semele,Hipparchia_semele
Nymphalidae,Satyrinae,Satyrini,Hipparchia,azorina,Hipparchia_azorina,Hipparchia_azorina
Nymphalidae,Satyrinae,Satyrini,Hipparchia,syriaca,Hipparchia_syriaca,Hipparchia_syriaca
Nymphalidae,Satyrinae,Satyrini,Hipparchia,volgensis,Hipparchia_volgensis,Hipparchia_volgensis
Nymphalidae,Satyrinae,Satyrini,Hipparchia,aristaeus,Hipparchia_aristaeus,Hipparchia_aristaeus
Nymphalidae,Satyrinae,Satyrini,Hipparchia,statilinus,Hipparchia_statilinus,Hipparchia_statilinus
Nymphalidae,Satyrinae,Satyrini,Hipparchia,fagi,Hipparchia_fagi,Hipparchia_fagi
Nymphalidae,Satyrinae,Satyrini,Hipparchia,fatua,Hipparchia_fatua,Hipparchia_fatua
Nymphalidae,Satyrinae,Satyrini,Hipparchia,wyssii,Hipparchia_wyssii,Hipparchia_wyssii
Nymphalidae,Satyrinae,Satyrini,Hipparchia,senthes,Hipparchia_senthes,Hipparchia_senthes
Nymphalidae,Satyrinae,Satyrini,Hipparchia,mersina,Hipparchia_mersina,Hipparchia_mersina
Nymphalidae,Satyrinae,Satyrini,Hipparchia,neomiris,Hipparchia_neomiris,Hipparchia_neomiris
Nymphalidae,Satyrinae,Satyrini,Hipparchia,fidia,Hipparchia_fidia,Hipparchia_fidia
Nymphalidae,Satyrinae,Satyrini,Hipparchia,maderensis,Hipparchia_maderensis,Hipparchia_maderensis
Nymphalidae,Satyrinae,Satyrini,Hyponephele,lupina,Hyponephele_lupina,Hyponephele_lupina
Nymphalidae,Satyrinae,Satyrini,Hyponephele,lycaon,Hyponephele_lycaon,Hyponephele_lycaon
Nymphalidae,Heliconiinae,Argynnini,Issoria,lathonia,Issoria_lathonia,Issoria_lathonia
Nymphalidae,Satyrinae,Satyrini,Kirinia,roxelana,Kirinia_roxelana,Kirinia_roxelana
Nymphalidae,Satyrinae,Satyrini,Kirinia,climene,Kirinia_climene,Kirinia_climene
Nymphalidae,Satyrinae,Satyrini,Lasiommata,maera,Lasiommata_maera,Lasiommata_maera
Nymphalidae,Satyrinae,Satyrini,Lasiommata,petropolitana,Lasiommata_petropolitana,Lasiommata_petropolitana
Nymphalidae,Satyrinae,Satyrini,Lasiommata,megera,Lasiommata_megera,Lasiommata_megera
Nymphalidae,Satyrinae,Satyrini,Lasiommata,paramegaera,Lasiommata_paramegaera,Lasiommata_paramegaera
Nymphalidae,Libytheinae,,Libythea,celtis,Libythea_celtis,Libythea_celtis
Nymphalidae,Limenitidinae,Limenitidini,Limenitis,populi,Limenitis_populi,Limenitis_populi
Nymphalidae,Limenitidinae,Limenitidini,Limenitis,reducta,Limenitis_reducta,Limenitis_reducta
Nymphalidae,Limenitidinae,Limenitidini,Limenitis,camilla,Limenitis_camilla,Limenitis_camilla
Nymphalidae,Satyrinae,Satyrini,Lopinga,achine,Lopinga_achine,Lopinga_achine
Nymphalidae,Satyrinae,Satyrini,Maniola,nurag,Maniola_nurag,Maniola_nurag
Nymphalidae,Satyrinae,Satyrini,Maniola,telmessia,Maniola_telmessia,Maniola_telmessia
Nymphalidae,Satyrinae,Satyrini,Maniola,jurtina,Maniola_jurtina,Maniola_jurtina
Nymphalidae,Satyrinae,Satyrini,Melanargia,galathea,Melanargia_galathea,Melanargia_galathea
Nymphalidae,Satyrinae,Satyrini,Melanargia,occitanica,Melanargia_occitanica,Melanargia_occitanica
Nymphalidae,Satyrinae,Satyrini,Melanargia,ines,Melanargia_ines,Melanargia_ines
Nymphalidae,Satyrinae,Satyrini,Melanargia,larissa,Melanargia_larissa,Melanargia_larissa
Nymphalidae,Satyrinae,Satyrini,Melanargia,arge,Melanargia_arge,Melanargia_arge
Nymphalidae,Satyrinae,Satyrini,Melanargia,pherusa,Melanargia_pherusa,Melanargia_pherusa
Nymphalidae,Satyrinae,Satyrini,Melanargia,lachesis,Melanargia_lachesis,Melanargia_lachesis
Nymphalidae,Satyrinae,Satyrini,Melanargia,russiae,Melanargia_russiae,Melanargia_russiae
Nymphalidae,Nymphalinae,Melitaeini,Melitaea,diamina,Melitaea_diamina,Melitaea_diamina
Nymphalidae,Nymphalinae,Melitaeini,Melitaea,celadussa,Melitaea_celadussa,Melitaea_celadussa
Nymphalidae,Nymphalinae,Melitaeini,Melitaea,cinxia,Melitaea_cinxia,Melitaea_cinxia
Nymphalidae,Nymphalinae,Melitaeini,Melitaea,deione,Melitaea_deione,Melitaea_deione
Nymphalidae,Nymphalinae,Melitaeini,Melitaea,aetherie,Melitaea_aetherie,Melitaea_aetherie
Nymphalidae,Nymphalinae,Melitaeini,Melitaea,didyma,Melitaea_didyma,Melitaea_didyma
Nymphalidae,Nymphalinae,Melitaeini,Melitaea,parthenoides,Melitaea_parthenoides,Melitaea_parthenoides
Nymphalidae,Nymphalinae,Melitaeini,Melitaea,athalia,Melitaea_athalia,Melitaea_athalia
Nymphalidae,Nymphalinae,Melitaeini,Melitaea,aurelia,Melitaea_aurelia,Melitaea_aurelia
Nymphalidae,Nymphalinae,Melitaeini,Melitaea,phoebe,Melitaea_phoebe,Melitaea_phoebe
Nymphalidae,Nymphalinae,Melitaeini,Melitaea,arduinna,Melitaea_arduinna,Melitaea_arduinna
Nymphalidae,Nymphalinae,Melitaeini,Melitaea,britomartis,Melitaea_britomartis,Melitaea_britomartis
Nymphalidae,Nymphalinae,Melitaeini,Melitaea,varia,Melitaea_varia,Melitaea_varia
Nymphalidae,Nymphalinae,Melitaeini,Melitaea,trivia,Melitaea_trivia,Melitaea_trivia
Nymphalidae,Nymphalinae,Melitaeini,Melitaea,asteria,Melitaea_asteria,Melitaea_asteria
Nymphalidae,Satyrinae,Satyrini,Minois,dryas,Minois_dryas,Minois_dryas
Nymphalidae,Limenitidinae,Neptini,Neptis,sappho,Neptis_sappho,Neptis_sappho
Nymphalidae,Limenitidinae,Neptini,Neptis,rivularis,Neptis_rivularis,Neptis_rivularis
Nymphalidae,Nymphalinae,Nymphalini,Nymphalis,vaualbum,Nymphalis_vaualbum,Nymphalis_vaualbum
Nymphalidae,Nymphalinae,Nymphalini,Nymphalis,xanthomelas,Nymphalis_xanthomelas,Nymphalis_xanthomelas
Nymphalidae,Nymphalinae,Nymphalini,Nymphalis,antiopa,Nymphalis_antiopa,Nymphalis_antiopa
Nymphalidae,Nymphalinae,Nymphalini,Nymphalis,polychloros,Nymphalis_polychloros,Nymphalis_polychloros
Nymphalidae,Satyrinae,Satyrini,Oeneis,bore,Oeneis_bore,Oeneis_bore
Nymphalidae,Satyrinae,Satyrini,Oeneis,norna,Oeneis_norna,Oeneis_norna
Nymphalidae,Satyrinae,Satyrini,Oeneis,glacialis,Oeneis_glacialis,Oeneis_glacialis
Nymphalidae,Satyrinae,Satyrini,Oeneis,jutta,Oeneis_jutta,Oeneis_jutta
Nymphalidae,Satyrinae,Satyrini,Pararge,aegeria,Pararge_aegeria,Pararge_aegeria
Nymphalidae,Satyrinae,Satyrini,Pararge,xiphia,Pararge_xiphia,Pararge_xiphia
Nymphalidae,Satyrinae,Satyrini,Pararge,xiphioides,Pararge_xiphioides,Pararge_xiphioides
Nymphalidae,Nymphalinae,Nymphalini,Polygonia,calbum,Polygonia_calbum,Polygonia_c-album
Nymphalidae,Nymphalinae,Nymphalini,Polygonia,egea,Polygonia_egea,Polygonia_egea
Nymphalidae,Satyrinae,Satyrini,Proterebia,phegea,Proterebia_phegea,Proterebia_phegea
Nymphalidae,Satyrinae,Satyrini,Pseudochazara,anthelea,Pseudochazara_anthelea,Pseudochazara_anthelea
Nymphalidae,Satyrinae,Satyrini,Pseudochazara,geyeri,Pseudochazara_geyeri,Pseudochazara_geyeri
Nymphalidae,Satyrinae,Satyrini,Pseudochazara,orestes,Pseudochazara_orestes,Pseudochazara_orestes
Nymphalidae,Satyrinae,Satyrini,Pseudochazara,tisiphone,Pseudochazara_tisiphone,Pseudochazara_tisiphone
Nymphalidae,Satyrinae,Satyrini,Pseudochazara,williamsi,Pseudochazara_williamsi,Pseudochazara_williamsi
Nymphalidae,Satyrinae,Satyrini,Pseudochazara,amymone,Pseudochazara_amymone,Pseudochazara_amymone
Nymphalidae,Satyrinae,Satyrini,Pseudochazara,graeca,Pseudochazara_graeca,Pseudochazara_graeca
Nymphalidae,Satyrinae,Satyrini,Pseudochazara,amalthea,Pseudochazara_amalthea,Pseudochazara_amalthea
Nymphalidae,Satyrinae,Satyrini,Pseudochazara,cingovskii,Pseudochazara_cingovskii,Pseudochazara_cingovskii
Nymphalidae,Satyrinae,Satyrini,Pyronia,tithonus,Pyronia_tithonus,Pyronia_tithonus
Nymphalidae,Satyrinae,Satyrini,Pyronia,cecilia,Pyronia_cecilia,Pyronia_cecilia
Nymphalidae,Satyrinae,Satyrini,Pyronia,bathseba,Pyronia_bathseba,Pyronia_bathseba
Nymphalidae,Satyrinae,Satyrini,Satyrus,ferula,Satyrus_ferula,Satyrus_ferula
Nymphalidae,Satyrinae,Satyrini,Satyrus,actaea,Satyrus_actaea,Satyrus_actaea
Nymphalidae,Nymphalinae,Nymphalini,Vanessa,atalanta,Vanessa_atalanta,Vanessa_atalanta
Nymphalidae,Nymphalinae,Nymphalini,Vanessa,cardui,Vanessa_cardui,Vanessa_cardui
Nymphalidae,Nymphalinae,Nymphalini,Vanessa,virginiensis,Vanessa_virginiensis,Vanessa_virginiensis
Nymphalidae,Nymphalinae,Nymphalini,Vanessa,vulcania,Vanessa_vulcania,Vanessa_vulcania
Nymphalidae,Satyrinae,Satyrini,Ypthima,asterope,Ypthima_asterope,Ypthima_asterope
Papilionidae,Parnassiinae,Luehdorfiini,Archon,apollinus,Archon_apollinus,Archon_apollinus
Papilionidae,Papilioninae,Leptocircini,Iphiclides,feisthamelii,Iphiclides_feisthamelii,Iphiclides_feisthamelii
Papilionidae,Papilioninae,Leptocircini,Iphiclides,podalirius,Iphiclides_podalirius,Iphiclides_podalirius
Papilionidae,Papilioninae,Papilionini,Papilio,machaon,Papilio_machaon,Papilio_machaon
Papilionidae,Papilioninae,Papilionini,Papilio,hospiton,Papilio_hospiton,Papilio_hospiton
Papilionidae,Papilioninae,Papilionini,Papilio,alexanor,Papilio_alexanor,Papilio_alexanor
Papilionidae,Parnassiinae,Parnassiini,Parnassius,apollo,Parnassius_apollo,Parnassius_apollo
Papilionidae,Parnassiinae,Parnassiini,Parnassius,mnemosyne,Parnassius_mnemosyne,Parnassius_mnemosyne
Papilionidae,Parnassiinae,Parnassiini,Parnassius,phoebus,Parnassius_phoebus,Parnassius_phoebus
Papilionidae,Parnassiinae,Zerynthiini,Zerynthia,cassandra,Zerynthia_cassandra,Zerynthia_cassandra
Papilionidae,Parnassiinae,Zerynthiini,Zerynthia,cerisy,Zerynthia_cerisy,Zerynthia_cerisy
Papilionidae,Parnassiinae,Zerynthiini,Zerynthia,cretica,Zerynthia_cretica,Zerynthia_cretica
Papilionidae,Parnassiinae,Zerynthiini,Zerynthia,polyxena,Zerynthia_polyxena,Zerynthia_polyxena
Papilionidae,Parnassiinae,Zerynthiini,Zerynthia,rumina,Zerynthia_rumina,Zerynthia_rumina
Pieridae,Pierinae,Anthocharidini,Anthocharis,euphenoides,Anthocharis_euphenoides,Anthocharis_euphenoides
Pieridae,Pierinae,Anthocharidini,Anthocharis,gruneri,Anthocharis_gruneri,Anthocharis_gruneri
Pieridae,Pierinae,Anthocharidini,Anthocharis,cardamines,Anthocharis_cardamines,Anthocharis_cardamines
Pieridae,Pierinae,Anthocharidini,Anthocharis,damone,Anthocharis_damone,Anthocharis_damone
Pieridae,Pierinae,Pierini,Aporia,crataegi,Aporia_crataegi,Aporia_crataegi
Pieridae,Coliadinae,,Catopsilia,florella,Catopsilia_florella,Catopsilia_florella
Pieridae,Coliadinae,,Colias,phicomone,Colias_phicomone,Colias_phicomone
Pieridae,Coliadinae,,Colias,caucasica,Colias_caucasica,Colias_caucasica
Pieridae,Coliadinae,,Colias,aurorina,Colias_aurorina,Colias_aurorina
Pieridae,Coliadinae,,Colias,palaeno,Colias_palaeno,Colias_palaeno
Pieridae,Coliadinae,,Colias,alfacariensis,Colias_alfacariensis,Colias_alfacariensis
Pieridae,Coliadinae,,Colias,erate,Colias_erate,Colias_erate
Pieridae,Coliadinae,,Colias,hyale,Colias_hyale,Colias_hyale
Pieridae,Coliadinae,,Colias,myrmidone,Colias_myrmidone,Colias_myrmidone
Pieridae,Coliadinae,,Colias,chrysotheme,Colias_chrysotheme,Colias_chrysotheme
Pieridae,Coliadinae,,Colias,crocea,Colias_crocea,Colias_crocea
Pieridae,Coliadinae,,Colias,hecla,Colias_hecla,Colias_hecla
Pieridae,Pierinae,Teracolini,Colotis,evagore,Colotis_evagore,Colotis_evagore
Pieridae,Pierinae,Anthocharidini,Euchloe,charlonia,Euchloe_charlonia,Euchloe_charlonia
Pieridae,Pierinae,Anthocharidini,Euchloe,tagis,Euchloe_tagis,Euchloe_tagis
Pieridae,Pierinae,Anthocharidini,Euchloe,ausonia,Euchloe_ausonia,Euchloe_ausonia
Pieridae,Pierinae,Anthocharidini,Euchloe,simplonia,Euchloe_simplonia,Euchloe_simplonia
Pieridae,Pierinae,Anthocharidini,Euchloe,belemia,Euchloe_belemia,Euchloe_belemia
Pieridae,Pierinae,Anthocharidini,Euchloe,penia,Euchloe_penia,Euchloe_penia
Pieridae,Pierinae,Anthocharidini,Euchloe,insularis,Euchloe_insularis,Euchloe_insularis
Pieridae,Coliadinae,,Gonepteryx,cleobule,Gonepteryx_cleobule,Gonepteryx_cleobule
Pieridae,Coliadinae,,Gonepteryx,rhamni,Gonepteryx_rhamni,Gonepteryx_rhamni
Pieridae,Coliadinae,,Gonepteryx,cleopatra,Gonepteryx_cleopatra,Gonepteryx_cleopatra
Pieridae,Coliadinae,,Gonepteryx,maderensis,Gonepteryx_maderensis,Gonepteryx_maderensis
Pieridae,Coliadinae,,Gonepteryx,farinosa,Gonepteryx_farinosa,Gonepteryx_farinosa
Pieridae,Dismorphiinae,,Leptidea,sinapis,Leptidea_sinapis,Leptidea_sinapis
Pieridae,Dismorphiinae,,Leptidea,morsei,Leptidea_morsei,Leptidea_morsei
Pieridae,Dismorphiinae,,Leptidea,duponcheli,Leptidea_duponcheli,Leptidea_duponcheli
Pieridae,Pierinae,Pierini,Pieris,cheiranthi,Pieris_cheiranthi,Pieris_cheiranthi
Pieridae,Pierinae,Pierini,Pieris,mannii,Pieris_mannii,Pieris_mannii
Pieridae,Pierinae,Pierini,Pieris,napi,Pieris_napi,Pieris_napi
Pieridae,Pierinae,Pierini,Pieris,brassicae,Pieris_brassicae,Pieris_brassicae
Pieridae,Pierinae,Pierini,Pieris,rapae,Pieris_rapae,Pieris_rapae
Pieridae,Pierinae,Pierini,Pieris,ergane,Pieris_ergane,Pieris_ergane
Pieridae,Pierinae,Pierini,Pieris,krueperi,Pieris_krueperi,Pieris_krueperi
Pieridae,Pierinae,Pierini,Pieris,bryoniae,Pieris_bryoniae,Pieris_bryoniae
Pieridae,Pierinae,Pierini,Pontia,chloridice,Pontia_chloridice,Pontia_chloridice
Pieridae,Pierinae,Pierini,Pontia,daplidice,Pontia_daplidice,Pontia_daplidice
Pieridae,Pierinae,Pierini,Pontia,callidice,Pontia_callidice,Pontia_callidice
Pieridae,Pierinae,Anthocharidini,Zegris,eupheme,Zegris_eupheme,Zegris_eupheme
Riodinidae,Nemeobiinae,Nemeobiini,Hamearis,lucina,Hamearis_lucina,Hamearis_lucina
