genus,species,genusSpecies,sex,Body_Length,Wing_Area,Wing_WBF
Aglais,ichnusa,Aglais_ichnusa,Male,34.9404,858.1484,12.5718
Aglais,io,Aglais_io,Male,40.7073,1366.6083,11.6345
Aglais,urticae,Aglais_urticae,Female,30.8697,890.8441,12.4938
Agriades,aquilo,Agriades_aquilo,Female,17.4702,251.4718,15.4230
Agriades,aquilo,Agriades_aquilo,Male,17.9791,209.3722,15.9008
Agriades,dardanus,Agriades_dardanus,Female,16.7918,217.6181,15.7988
Agriades,dardanus,Agriades_dardanus,Male,17.3854,258.7323,15.3500
Agriades,glandon,Agriades_glandon,Female,17.3006,245.4411,15.4854
Agriades,glandon,Agriades_glandon,Male,21.3289,315.2666,14.8531
Agriades,optilete,Agriades_optilete,Female,17.9366,288.8352,15.0712
Agriades,optilete,Agriades_optilete,Male,18.8271,281.3482,15.1373
Agriades,pyrenaicus,Agriades_pyrenaicus,Male,18.2759,255.9705,15.3775
Agriades,pyrenaicus,Agriades_pyrenaicus,Female,16.7918,273.2605,15.2110
Agriades,zullichi,Agriades_zullichi,Female,16.1133,229.5283,15.6592
Agriades,zullichi,Agriades_zullichi,Male,18.8271,273.7352,15.2066
Albulina,orbitulus,Albulina_orbitulus,Female,18.6575,336.3865,14.6936
Albulina,orbitulus,Albulina_orbitulus,Male,20.3112,329.5036,14.7442
Anthocharis,cardamines,Anthocharis_cardamines,Female,34.6012,779.3902,12.7750
Anthocharis,cardamines,Anthocharis_cardamines,Male,37.3998,751.4737,12.8528
Anthocharis,damone,Anthocharis_damone,Female,31.7178,767.4260,12.8079
Anthocharis,damone,Anthocharis_damone,Male,34.7708,731.6052,12.9103
Anthocharis,euphenoides,Anthocharis_euphenoides,Female,31.1665,719.9502,12.9448
Anthocharis,euphenoides,Anthocharis_euphenoides,Male,28.3679,572.5281,13.4483
Anthocharis,gruneri,Anthocharis_gruneri,Female,22.3466,406.9959,14.2347
Anthocharis,gruneri,Anthocharis_gruneri,Male,29.8944,467.6622,13.9091
Apatura,ilia,Apatura_ilia,Female,44.4388,1671.5649,11.2507
Apatura,ilia,Apatura_ilia,Male,46.1349,1544.4499,11.3998
Apatura,iris,Apatura_iris,Female,47.2374,2309.5240,10.6610
Apatura,iris,Apatura_iris,Male,47.3222,1871.2744,11.0412
Apatura,metis,Apatura_metis,Female,44.0148,1583.1188,11.3530
Apatura,metis,Apatura_metis,Male,37.3150,1109.5267,12.0453
Aphantopus,hyperantus,Aphantopus_hyperantus,Female,26.9686,877.7148,12.5247
Aphantopus,hyperantus,Aphantopus_hyperantus,Male,26.7990,810.7482,12.6913
Aporia,crataegi,Aporia_crataegi,Female,42.5306,1640.7571,11.2856
Aporia,crataegi,Aporia_crataegi,Male,42.9123,1358.2582,11.6463
Araschnia ,levana,Araschnia _levana,Female,24.0851,466.8171,13.9133
Araschnia ,levana,Araschnia _levana,Male,23.7459,413.0913,14.1995
Archon,apollinus,Archon_apollinus,Female,40.4529,1061.8244,12.1338
Archon,apollinus,Archon_apollinus,Male,43.6755,1335.3906,11.6793
Arethusana,arethusa,Arethusana_arethusa,Female,14.9260,269.2796,15.2482
Arethusana,arethusa,Arethusana_arethusa,Male,30.7849,777.4231,12.7803
Argynnis,laodice,Argynnis_laodice,Female,20.8201,393.7479,14.3133
Argynnis,laodice,Argynnis_laodice,Male,41.9794,1312.9761,11.7123
Argynnis,pandora,Argynnis_pandora,Female,49.0184,2001.9567,10.9178
Argynnis,pandora,Argynnis_pandora,Male,52.2834,1823.0758,11.0893
Argynnis,paphia,Argynnis_paphia,Female,40.0288,1626.9660,11.3015
Argynnis,paphia,Argynnis_paphia,Male,42.7427,1640.9333,11.2854
Aricia,agestis,Aricia_agestis,Female,19.9296,317.2552,14.8375
Aricia,agestis,Aricia_agestis,Male,19.5904,247.6958,15.4619
Aricia,anteros,Aricia_anteros,Female,18.8271,278.0541,15.1670
Aricia,anteros,Aricia_anteros,Male,21.5409,334.5633,14.7069
Aricia,artaxerxes,Aricia_artaxerxes,Female,18.9119,264.3638,15.2951
Aricia,artaxerxes,Aricia_artaxerxes,Male,19.9296,259.4839,15.3426
Aricia,cramera,Aricia_cramera,Female,18.8271,317.1725,14.8382
Aricia,cramera,Aricia_cramera,Male,22.0074,304.2014,14.9417
Aricia,montensis,Aricia_montensis,Female,21.6257,377.0656,14.4169
Aricia,montensis,Aricia_montensis,Male,23.1523,397.0923,14.2932
Aricia,morronensis,Aricia_morronensis,Female,21.1169,340.0581,14.6670
Aricia,morronensis,Aricia_morronensis,Male,21.1169,269.8946,15.2424
Aricia,nicias,Aricia_nicias,Female,18.5727,285.9008,15.0969
Aricia,nicias,Aricia_nicias,Male,21.2017,279.5753,15.1533
Azanus,jesous,Azanus_jesous,Female,18.4879,231.8802,15.6327
Azanus,jesous,Azanus_jesous,Male,18.9543,222.0377,15.7460
Azanus,ubaldus,Azanus_ubaldus,Female,10.8553,116.9524,17.5200
Azanus,ubaldus,Azanus_ubaldus,Male,14.5020,142.5171,16.9526
Boloria,aquilonaris,Boloria_aquilonaris,Female,25.1028,578.6127,13.4246
Boloria,aquilonaris,Boloria_aquilonaris,Male,27.3502,503.6376,13.7385
Boloria,chariclea,Boloria_chariclea,Female,27.3926,616.7889,13.2826
Boloria,chariclea,Boloria_chariclea,Male,29.2584,509.5927,13.7116
Boloria,dia,Boloria_dia,Female,25.7813,531.3779,13.6164
Boloria,dia,Boloria_dia,Male,29.4280,524.1245,13.6476
Boloria,eunomia,Boloria_eunomia,Female,27.8166,602.4656,13.3346
Boloria,eunomia,Boloria_eunomia,Male,29.8520,547.8264,13.5474
Boloria,euphrosyne,Boloria_euphrosyne,Female,31.8026,720.0977,12.9444
Boloria,euphrosyne,Boloria_euphrosyne,Male,30.6153,640.5699,13.1991
Boloria,freija,Boloria_freija,Female,28.6223,667.4436,13.1091
Boloria,freija,Boloria_freija,Male,28.7495,555.2955,13.5169
Boloria,frigga,Boloria_frigga,Female,28.1559,656.9645,13.1437
Boloria,frigga,Boloria_frigga,Male,29.7672,676.9840,13.0782
Boloria,graeca,Boloria_graeca,Female,26.4597,603.1381,13.3322
Boloria,graeca,Boloria_graeca,Male,30.4457,552.4331,13.5285
Boloria,improba,Boloria_improba,Female,24.7212,436.7752,14.0683
Boloria,improba,Boloria_improba,Male,23.9155,388.0445,14.3481
Boloria,napaea,Boloria_napaea,Female,28.0711,735.3559,12.8993
Boloria,napaea,Boloria_napaea,Male,31.8026,603.0230,13.3326
Boloria,pales,Boloria_pales,Female,25.4421,536.3261,13.5954
Boloria,pales,Boloria_pales,Male,28.0711,488.0341,13.8107
Boloria,polaris,Boloria_polaris,Female,30.4457,608.1367,13.3138
Boloria,polaris,Boloria_polaris,Male,27.6470,547.3805,13.5493
Boloria,selene,Boloria_selene,Female,29.0039,636.2330,13.2141
Boloria,selene,Boloria_selene,Male,29.3008,456.0396,13.9675
Boloria,thore,Boloria_thore,Female,31.2937,828.3871,12.6459
Boloria,thore,Boloria_thore,Male,29.5128,562.0994,13.4895
Boloria,titania,Boloria_titania,Female,31.7178,826.3193,12.6512
Boloria,titania,Boloria_titania,Male,32.3114,750.5674,12.8554
Borbo,borbonica,Borbo_borbonica,Female,29.8520,363.3033,14.5064
Borbo,borbonica,Borbo_borbonica,Male,27.5622,300.8498,14.9693
Brenthis,daphne,Brenthis_daphne,Female,35.7885,1051.2123,12.1541
Brenthis,daphne,Brenthis_daphne,Male,33.5835,901.3735,12.4693
Brenthis,hecate,Brenthis_hecate,Female,30.0216,694.6912,13.0221
Brenthis,hecate,Brenthis_hecate,Male,32.8203,642.2996,13.1932
Brenthis,ino,Brenthis_ino,Female,29.5128,722.3308,12.9377
Brenthis,ino,Brenthis_ino,Male,33.5835,677.4048,13.0768
Brintesia,circe,Brintesia_circe,Female,20.1840,515.6090,13.6848
Brintesia,circe,Brintesia_circe,Male,46.4742,1903.1214,11.0102
Cacyreus,marshalli,Cacyreus_marshalli,Female,18.1063,284.8544,15.1061
Cacyreus,marshalli,Cacyreus_marshalli,Male,16.6221,208.0956,15.9170
Callophrys,avis,Callophrys_avis,Female,20.2688,369.2261,14.4674
Callophrys,avis,Callophrys_avis,Male,20.2688,343.9635,14.6392
Callophrys,rubi,Callophrys_rubi,Female,18.9967,325.6809,14.7729
Callophrys,rubi,Callophrys_rubi,Male,19.4208,324.5230,14.7817
Carcharodus,alceae,Carcharodus_alceae,Female,28.0711,424.9980,14.1324
Carcharodus,alceae,Carcharodus_alceae,Male,28.4951,355.7119,14.5575
Carcharodus,baeticus,Carcharodus_baeticus,Female,26.2477,344.0282,14.6387
Carcharodus,baeticus,Carcharodus_baeticus,Male,26.2477,325.9830,14.7706
Carcharodus,floccifera,Carcharodus_floccifera,Female,33.2443,541.3139,13.5744
Carcharodus,floccifera,Carcharodus_floccifera,Male,31.2089,427.0262,14.1212
Carcharodus,lavatherae,Carcharodus_lavatherae,Female,28.1559,368.3307,14.4733
Carcharodus,lavatherae,Carcharodus_lavatherae,Male,28.2407,312.7601,14.8728
Carcharodus,orientalis,Carcharodus_orientalis,Female,30.1064,434.7435,14.0792
Carcharodus,orientalis,Carcharodus_orientalis,Male,29.2584,371.1788,14.4547
Carcharodus,stauderi,Carcharodus_stauderi,Female,26.4597,320.8549,14.8097
Carcharodus,stauderi,Carcharodus_stauderi,Male,27.6046,323.7462,14.7876
Carterocephalus,palaemon,Carterocephalus_palaemon,Female,28.9615,329.8164,14.7419
Carterocephalus,palaemon,Carterocephalus_palaemon,Male,24.5940,237.3786,15.5718
Carterocephalus,silvicola,Carterocephalus_silvicola,Female,26.3749,313.1341,14.8699
Carterocephalus,silvicola,Carterocephalus_silvicola,Male,27.6470,303.2772,14.9493
Catopsilia,florella,Catopsilia_florella,Female,40.5377,1571.0431,11.3675
Catopsilia,florella,Catopsilia_florella,Male,44.5236,1719.8354,11.1975
Celastrina,argiolus,Celastrina_argiolus,Female,18.8271,389.5297,14.3390
Celastrina,argiolus,Celastrina_argiolus,Male,21.2017,411.8794,14.2064
Charaxes,jasius,Charaxes_jasius,Male,59.3648,2465.8573,10.5454
Chazara,briseis,Chazara_briseis,Female,38.2903,1731.2134,11.1852
Chazara,briseis,Chazara_briseis,Male,38.1207,1267.4243,11.7814
Chazara,prieuri,Chazara_prieuri,Female,36.5518,1500.2862,11.4550
Chazara,prieuri,Chazara_prieuri,Male,40.7921,1324.6310,11.6951
Coenonympha,arcania,Coenonympha_arcania,Female,21.3713,574.2362,13.4416
Coenonympha,arcania,Coenonympha_arcania,Male,23.4915,522.0028,13.6568
Coenonympha,corinna,Coenonympha_corinna,Female,17.3854,370.6753,14.4580
Coenonympha,corinna,Coenonympha_corinna,Male,19.3360,293.3951,15.0320
Coenonympha,dorus,Coenonympha_dorus,Female,19.1663,463.1742,13.9314
Coenonympha,dorus,Coenonympha_dorus,Male,24.4244,484.1934,13.8289
Coenonympha,gardetta,Coenonympha_gardetta,Female,22.1770,497.3120,13.7674
Coenonympha,gardetta,Coenonympha_gardetta,Male,19.7600,416.9895,14.1773
Coenonympha,glycerion,Coenonympha_glycerion,Female,22.5586,547.4956,13.5488
Coenonympha,glycerion,Coenonympha_glycerion,Male,24.0003,472.2292,13.8866
Coenonympha,hero,Coenonympha_hero,Female,19.2936,481.5683,13.8414
Coenonympha,hero,Coenonympha_hero,Male,23.2795,464.4041,13.9253
Coenonympha,leander,Coenonympha_leander,Female,24.4244,688.5455,13.0413
Coenonympha,leander,Coenonympha_leander,Male,24.9332,602.8288,13.3333
Coenonympha,oedippus,Coenonympha_oedippus,Female,26.1205,665.5089,13.1155
Coenonympha,oedippus,Coenonympha_oedippus,Male,27.9863,682.4285,13.0607
Coenonympha,orientalis,Coenonympha_orientalis,Female,20.0144,534.6935,13.6023
Coenonympha,orientalis,Coenonympha_orientalis,Male,23.4915,518.1982,13.6734
Coenonympha,pamphilus,Coenonympha_pamphilus,Female,21.1593,508.8231,13.7151
Coenonympha,pamphilus,Coenonympha_pamphilus,Male,20.3536,388.8320,14.3433
Coenonympha,rhodopensis,Coenonympha_rhodopensis,Female,24.2548,571.2083,13.4535
Coenonympha,rhodopensis,Coenonympha_rhodopensis,Male,25.6117,563.2106,13.4851
Coenonympha,thyrsis,Coenonympha_thyrsis,Female,19.5056,422.0133,14.1490
Coenonympha,thyrsis,Coenonympha_thyrsis,Male,18.1487,341.0255,14.6601
Coenonympha,tullia,Coenonympha_tullia,Female,23.1947,624.6571,13.2545
Coenonympha,tullia,Coenonympha_tullia,Male,24.6788,571.8916,13.4508
Colias,alfacariensis,Colias_alfacariensis,Female,38.2055,1161.3609,11.9541
Colias,alfacariensis,Colias_alfacariensis,Male,37.1030,1020.3290,12.2146
Colias,aurorina,Colias_aurorina,Female,38.3327,1298.8110,11.7335
Colias,aurorina,Colias_aurorina,Male,42.5730,1123.2458,12.0207
Colias,caucasica,Colias_caucasica,Female,36.7638,1222.3471,11.8526
Colias,caucasica,Colias_caucasica,Male,37.2726,1075.9930,12.1070
Colias,chrysotheme,Colias_chrysotheme,Female,32.6930,738.4234,12.8903
Colias,chrysotheme,Colias_chrysotheme,Male,16.0285,183.7895,16.2496
Colias,crocea,Colias_crocea,Female,34.7284,1090.9384,12.0792
Colias,crocea,Colias_crocea,Male,38.3327,1035.2132,12.1852
Colias,erate,Colias_erate,Female,33.4987,1026.4208,12.2025
Colias,erate,Colias_erate,Male,37.3998,865.9016,12.5530
Colias,hecla,Colias_hecla,Female,32.3962,835.1801,12.6287
Colias,hecla,Colias_hecla,Male,34.8980,770.1374,12.8004
Colias,hyale,Colias_hyale,Female,34.0075,1036.2561,12.1831
Colias,hyale,Colias_hyale,Male,37.7815,915.9162,12.4362
Colias,myrmidone,Colias_myrmidone,Female,32.5658,1031.2144,12.1930
Colias,myrmidone,Colias_myrmidone,Male,37.6542,952.4130,12.3555
Colias,palaeno,Colias_palaeno,Female,31.2089,952.3411,12.3557
Colias,palaeno,Colias_palaeno,Male,33.2019,937.7049,12.3876
Colias,phicomone,Colias_phicomone,Female,31.6754,888.2729,12.4998
Colias,phicomone,Colias_phicomone,Male,34.3468,843.4224,12.6081
Colotis,evagore,Colotis_evagore,Female,26.9262,539.0663,13.5838
Colotis,evagore,Colotis_evagore,Male,26.9686,467.2702,13.9110
Cupido,alcetas,Cupido_alcetas,Female,18.8271,378.0905,14.4104
Cupido,alcetas,Cupido_alcetas,Male,17.9366,244.4522,15.4958
Cupido,argiades,Cupido_argiades,Female,19.1663,315.3421,14.8525
Cupido,argiades,Cupido_argiades,Male,21.2017,338.5765,14.6777
Cupido,decoloratus,Cupido_decoloratus,Female,17.1734,247.4261,15.4647
Cupido,decoloratus,Cupido_decoloratus,Male,19.7176,288.1664,15.0771
Cupido,lorquinii,Cupido_lorquinii,Female,15.6045,213.0115,15.8552
Cupido,lorquinii,Cupido_lorquinii,Male,17.0462,204.3952,15.9646
Cupido,minimus,Cupido_minimus,Female,13.4843,186.0443,16.2166
Cupido,minimus,Cupido_minimus,Male,15.6893,189.5289,16.1666
Cupido,osiris,Cupido_osiris,Female,16.7918,242.7296,15.5141
Cupido,osiris,Cupido_osiris,Male,17.4702,247.5376,15.4635
Cyaniris,semiargus,Cyaniris_semiargus,Female,21.0321,402.1196,14.2633
Cyaniris,semiargus,Cyaniris_semiargus,Male,25.4421,491.7345,13.7933
Cyclyrius,webbianus,Cyclyrius_webbianus,Female,19.3360,339.3137,14.6724
Cyclyrius,webbianus,Cyclyrius_webbianus,Male,22.3890,337.9868,14.6820
Danaus,chrysippus,Danaus_chrysippus,Male,48.1703,1913.3703,11.0004
Danaus,plexippus,Danaus_plexippus,Female,57.4990,2905.4843,10.2612
Danaus,plexippus,Danaus_plexippus,Male,61.3154,3420.8739,9.9859
Erebia,aethiopella,Erebia_aethiopella,Female,23.5763,578.7098,13.4243
Erebia,aethiopella,Erebia_aethiopella,Male,24.2548,566.2169,13.4731
Erebia,aethiops,Erebia_aethiops,Female,26.3749,789.9735,12.7463
Erebia,aethiops,Erebia_aethiops,Male,30.1064,795.5906,12.7313
Erebia,albergana,Erebia_albergana,Female,28.6223,748.4314,12.8615
Erebia,albergana,Erebia_albergana,Male,29.8520,807.2923,12.7004
Erebia,arvernensis,Erebia_arvernensis,Female,23.2371,534.4777,13.6032
Erebia,calcarius,Erebia_calcarius,Female,23.9155,560.6394,13.4954
Erebia,calcarius,Erebia_calcarius,Male,26.8838,572.1828,13.4496
Erebia,cassioides,Erebia_cassioides,Female,22.5586,566.6988,13.4712
Erebia,cassioides,Erebia_cassioides,Male,24.2548,523.5456,13.6501
Erebia,christi,Erebia_christi,Female,24.0003,471.0785,13.8922
Erebia,christi,Erebia_christi,Male,29.3008,549.0671,13.5423
Erebia,claudina,Erebia_claudina,Female,20.9897,398.4264,14.2852
Erebia,claudina,Erebia_claudina,Male,22.3890,414.3572,14.1922
Erebia,disa,Erebia_disa,Female,31.0393,1128.2659,12.0118
Erebia,disa,Erebia_disa,Male,31.2937,1036.2849,12.1831
Erebia,embla,Erebia_embla,Female,28.4951,1007.9368,12.2395
Erebia,embla,Erebia_embla,Male,33.2443,1019.8866,12.2155
Erebia,epiphron,Erebia_epiphron,Female,21.6257,441.6552,14.0422
Erebia,epiphron,Erebia_epiphron,Male,23.0675,471.1935,13.8917
Erebia,epistygne,Erebia_epistygne,Female,26.7142,780.2317,12.7727
Erebia,epistygne,Erebia_epistygne,Male,29.6824,907.4222,12.4555
Erebia,eriphyle,Erebia_eriphyle,Female,23.5763,508.7081,13.7156
Erebia,eriphyle,Erebia_eriphyle,Male,23.2371,479.0366,13.8535
Erebia,euryale,Erebia_euryale,Female,26.1205,759.7735,12.8293
Erebia,euryale,Erebia_euryale,Male,29.7672,670.7628,13.0983
Erebia,flavofasciata,Erebia_flavofasciata,Female,22.0498,437.2823,14.0655
Erebia,flavofasciata,Erebia_flavofasciata,Male,22.8979,431.8090,14.0951
Erebia,gorge,Erebia_gorge,Female,24.8484,607.6548,13.3156
Erebia,gorge,Erebia_gorge,Male,26.3749,611.8191,13.3005
Erebia,gorgone,Erebia_gorgone,Female,26.1205,681.1735,13.0647
Erebia,gorgone,Erebia_gorgone,Male,25.3572,647.4816,13.1756
Erebia,hispania,Erebia_hispania,Female,27.4774,624.5888,13.2548
Erebia,hispania,Erebia_hispania,Male,27.8166,725.6932,12.9277
Erebia,lefebvrei,Erebia_lefebvrei,Female,25.3572,688.2074,13.0424
Erebia,lefebvrei,Erebia_lefebvrei,Male,28.2407,739.3080,12.8878
Erebia,ligea,Erebia_ligea,Female,29.8944,902.5818,12.4666
Erebia,ligea,Erebia_ligea,Male,28.1559,794.4650,12.7343
Erebia,manto,Erebia_manto,Female,26.3749,705.9542,12.9872
Erebia,manto,Erebia_manto,Male,27.3926,648.2116,13.1731
Erebia,medusa,Erebia_medusa,Female,24.9332,780.1238,12.7730
Erebia,medusa,Erebia_medusa,Male,27.6470,850.8447,12.5897
Erebia,melampus,Erebia_melampus,Female,19.7600,377.1339,14.4164
Erebia,melampus,Erebia_melampus,Male,24.4244,415.9322,14.1833
Erebia,melas,Erebia_melas,Female,28.8343,956.2285,12.3473
Erebia,melas,Erebia_melas,Male,30.1912,951.6938,12.3571
Erebia,meolans,Erebia_meolans,Female,24.0851,695.3817,13.0199
Erebia,meolans,Erebia_meolans,Male,30.2760,836.2230,12.6261
Erebia,mnestra,Erebia_mnestra,Female,24.0851,664.3401,13.1193
Erebia,mnestra,Erebia_mnestra,Male,25.1876,572.4813,13.4485
Erebia,montana,Erebia_montana,Female,28.2407,782.5727,12.7663
Erebia,montana,Erebia_montana,Male,28.5799,731.3714,12.9110
Erebia,neoridas,Erebia_neoridas,Female,26.5445,713.8980,12.9631
Erebia,neoridas,Erebia_neoridas,Male,29.6824,727.5308,12.9223
Erebia,nivalis,Erebia_nivalis,Female,22.0498,499.8832,13.7556
Erebia,nivalis,Erebia_nivalis,Male,24.4244,528.9002,13.6270
Erebia,oeme,Erebia_oeme,Female,26.2053,735.6832,12.8983
Erebia,oeme,Erebia_oeme,Male,28.4527,699.9415,13.0057
Erebia,orientalis,Erebia_orientalis,Female,22.7282,404.3456,14.2502
Erebia,orientalis,Erebia_orientalis,Male,22.7282,403.7487,14.2537
Erebia,ottomana,Erebia_ottomana,Female,25.1028,604.8390,13.3259
Erebia,ottomana,Erebia_ottomana,Male,30.2760,678.5052,13.0733
Erebia,palarica,Erebia_palarica,Female,30.5305,1206.2690,11.8788
Erebia,palarica,Erebia_palarica,Male,30.5305,1146.4406,11.9798
Erebia,pandrose,Erebia_pandrose,Female,25.5269,611.4415,13.3018
Erebia,pandrose,Erebia_pandrose,Male,27.0534,747.7697,12.8634
Erebia,pharte,Erebia_pharte,Female,22.8979,455.9964,13.9677
Erebia,pharte,Erebia_pharte,Male,23.3219,411.1207,14.2108
Erebia,pluto,Erebia_pluto,Female,31.8450,833.7848,12.6323
Erebia,pluto,Erebia_pluto,Male,30.5305,779.9656,12.7734
Erebia,polaris,Erebia_polaris,Female,26.1205,680.2960,13.0676
Erebia,polaris,Erebia_polaris,Male,29.4280,695.8384,13.0185
Erebia,pronoe,Erebia_pronoe,Female,27.4774,775.4668,12.7857
Erebia,pronoe,Erebia_pronoe,Male,32.0146,892.6854,12.4895
Erebia,rhodopensis,Erebia_rhodopensis,Female,27.1382,617.5153,13.2800
Erebia,rhodopensis,Erebia_rhodopensis,Male,24.9332,599.8045,13.3445
Erebia,rondoui,Erebia_rondoui,Female,24.5940,558.1329,13.5054
Erebia,rondoui,Erebia_rondoui,Male,27.8166,664.3221,13.1194
Erebia,scipio,Erebia_scipio,Female,27.3926,833.4360,12.6331
Erebia,scipio,Erebia_scipio,Male,28.5375,833.4504,12.6331
Erebia,sthennyo,Erebia_sthennyo,Female,25.9085,666.7567,13.1114
Erebia,sthennyo,Erebia_sthennyo,Male,27.1382,808.7308,12.6966
Erebia,stiria,Erebia_stiria,Female,29.1736,894.7136,12.4848
Erebia,stiria,Erebia_stiria,Male,31.8874,907.9005,12.4544
Erebia,styx,Erebia_styx,Female,31.0393,939.1074,12.3845
Erebia,styx,Erebia_styx,Male,31.2089,901.1326,12.4699
Erebia,sudetica,Erebia_sudetica,Female,20.2688,384.6677,14.3690
Erebia,sudetica,Erebia_sudetica,Male,18.6575,351.0730,14.5894
Erebia,triarius,Erebia_triarius,Female,27.8166,739.9122,12.8860
Erebia,triarius,Erebia_triarius,Male,31.2089,789.5672,12.7474
Erebia,tyndarus,Erebia_tyndarus,Female,22.7282,500.9045,13.7509
Erebia,tyndarus,Erebia_tyndarus,Male,25.1028,566.7923,13.4709
Erebia,zapateri,Erebia_zapateri,Female,23.0675,663.3188,13.1227
Erebia,zapateri,Erebia_zapateri,Male,26.4597,728.9549,12.9181
Erynnis,marloyi,Erynnis_marloyi,Female,25.7813,401.7241,14.2656
Erynnis,marloyi,Erynnis_marloyi,Male,27.7318,413.2603,14.1985
Erynnis,tages,Erynnis_tages,Female,25.1028,325.1235,14.7771
Erynnis,tages,Erynnis_tages,Male,25.7813,301.7884,14.9615
Euchloe,ausonia,Euchloe_ausonia,Female,30.3609,661.6466,13.1282
Euchloe,ausonia,Euchloe_ausonia,Male,33.4563,602.4548,13.3347
Euchloe,belemia,Euchloe_belemia,Female,33.7531,814.4594,12.6817
Euchloe,belemia,Euchloe_belemia,Male,34.2620,579.2744,13.4221
Euchloe,charlonia,Euchloe_charlonia,Male,27.3926,472.1357,13.8871
Euchloe,insularis,Euchloe_insularis,Female,29.3432,524.8366,13.6445
Euchloe,insularis,Euchloe_insularis,Male,27.8166,531.8274,13.6145
Euchloe,penia,Euchloe_penia,Male,24.7636,411.1350,14.2107
Euchloe,simplonia,Euchloe_simplonia,Female,29.6824,826.3337,12.6511
Euchloe,simplonia,Euchloe_simplonia,Male,35.3645,686.5604,13.0476
Euchloe,tagis,Euchloe_tagis,Male,25.6965,362.9005,14.5091
Eumedonia,eumedon,Eumedonia_eumedon,Female,21.8378,402.2563,14.2625
Eumedonia,eumedon,Eumedonia_eumedon,Male,23.0675,375.1129,14.4293
Euphydryas,aurinia,Euphydryas_aurinia,Female,30.5305,749.7511,12.8577
Euphydryas,aurinia,Euphydryas_aurinia,Male,27.9863,543.7053,13.5645
Euphydryas,cynthia,Euphydryas_cynthia,Female,31.2089,753.9082,12.8459
Euphydryas,cynthia,Euphydryas_cynthia,Male,28.1559,539.4080,13.5824
Euphydryas,desfontainii,Euphydryas_desfontainii,Female,34.0500,1002.3197,12.2509
Euphydryas,desfontainii,Euphydryas_desfontainii,Male,31.5481,750.9990,12.8542
Euphydryas,iduna,Euphydryas_iduna,Female,28.8343,609.5931,13.3085
Euphydryas,iduna,Euphydryas_iduna,Male,26.7142,503.1305,13.7408
Euphydryas,intermedia,Euphydryas_intermedia,Female,31.1665,793.6523,12.7364
Euphydryas,intermedia,Euphydryas_intermedia,Male,27.8166,587.9589,13.3889
Euphydryas,maturna,Euphydryas_maturna,Female,35.7461,793.0338,12.7381
Euphydryas,maturna,Euphydryas_maturna,Male,29.5976,562.0203,13.4898
Fabriciana,adippe,Fabriciana_adippe,Female,42.4882,1472.0388,11.4914
Fabriciana,adippe,Fabriciana_adippe,Male,41.5554,1313.8967,11.7109
Fabriciana,elisa,Fabriciana_elisa,Female,19.4208,286.3108,15.0933
Fabriciana,elisa,Fabriciana_elisa,Male,33.8379,885.1156,12.5072
Fabriciana,niobe,Fabriciana_niobe,Female,19.5056,343.8880,14.6397
Fabriciana,niobe,Fabriciana_niobe,Male,37.3150,1043.7971,12.1684
Favonius,quercus,Favonius_quercus,Female,26.6294,594.3636,13.3647
Favonius,quercus,Favonius_quercus,Male,26.8414,642.1845,13.1936
Freyeria,trochylus,Freyeria_trochylus,Female,13.7387,141.0355,16.9821
Freyeria,trochylus,Freyeria_trochylus,Male,12.6362,111.7273,17.6538
Gegenes,nostrodamus,Gegenes_nostrodamus,Female,29.9792,362.2964,14.5131
Gegenes,nostrodamus,Gegenes_nostrodamus,Male,29.5976,326.3785,14.7677
Gegenes,pumilio,Gegenes_pumilio,Female,27.8166,312.0589,14.8784
Gegenes,pumilio,Gegenes_pumilio,Male,26.1205,270.8080,15.2339
Glaucopsyche,alexis,Glaucopsyche_alexis,Female,21.1169,363.2853,14.5065
Glaucopsyche,alexis,Glaucopsyche_alexis,Male,22.9403,361.4765,14.5186
Glaucopsyche,melanops,Glaucopsyche_melanops,Female,18.1487,300.2277,14.9745
Glaucopsyche,melanops,Glaucopsyche_melanops,Male,20.7777,341.8490,14.6542
Gonepteryx,cleobule,Gonepteryx_cleobule,Female,44.3540,2008.8252,10.9116
Gonepteryx,cleobule,Gonepteryx_cleobule,Male,41.9794,1784.2307,11.1291
Gonepteryx,cleopatra,Gonepteryx_cleopatra,Female,40.1136,1537.3188,11.4086
Gonepteryx,cleopatra,Gonepteryx_cleopatra,Male,40.0288,1602.3975,11.3301
Gonepteryx,farinosa,Gonepteryx_farinosa,Female,47.7463,1901.7873,11.0115
Gonepteryx,farinosa,Gonepteryx_farinosa,Male,44.5660,1572.3808,11.3659
Gonepteryx,maderensis,Gonepteryx_maderensis,Female,39.2656,1637.0531,11.2898
Gonepteryx,maderensis,Gonepteryx_maderensis,Male,41.0465,1576.2970,11.3612
Gonepteryx,rhamni,Gonepteryx_rhamni,Female,36.2549,1340.6912,11.6716
Gonepteryx,rhamni,Gonepteryx_rhamni,Male,41.0465,1428.8604,11.5485
Hamearis,lucina,Hamearis_lucina,Female,21.5409,325.8895,14.7713
Hamearis,lucina,Hamearis_lucina,Male,22.8979,358.2472,14.5403
Hesperia,comma,Hesperia_comma,Female,28.8343,294.4092,15.0234
Hesperia,comma,Hesperia_comma,Male,28.1983,264.5004,15.2938
Heteropterus,morpheus,Heteropterus_morpheus,Female,29.8096,474.0057,13.8779
Heteropterus,morpheus,Heteropterus_morpheus,Male,32.0570,448.9409,14.0040
Hipparchia,aristaeus,Hipparchia_aristaeus,Female,32.7354,1314.0046,11.7108
Hipparchia,aristaeus,Hipparchia_aristaeus,Male,37.7390,1325.3035,11.6941
Hipparchia,azorina,Hipparchia_azorina,Female,30.1488,809.7557,12.6939
Hipparchia,azorina,Hipparchia_azorina,Male,31.7178,769.5153,12.8021
Hipparchia,bacchus,Hipparchia_bacchus,Female,36.1277,1745.6985,11.1697
Hipparchia,cretica,Hipparchia_cretica,Female,36.2973,1282.1934,11.7586
Hipparchia,cretica,Hipparchia_cretica,Male,37.2726,1307.2259,11.7208
Hipparchia,fagi,Hipparchia_fagi,Female,38.7991,1839.4740,11.0728
Hipparchia,fagi,Hipparchia_fagi,Male,45.5837,1818.2427,11.0942
Hipparchia,fatua,Hipparchia_fatua,Female,18.4031,418.0396,14.1713
Hipparchia,fatua,Hipparchia_fatua,Male,40.5801,1714.5203,11.2032
Hipparchia,fidia,Hipparchia_fidia,Female,31.8874,1231.5496,11.8378
Hipparchia,fidia,Hipparchia_fidia,Male,34.4316,1244.5818,11.8171
Hipparchia,maderensis,Hipparchia_maderensis,Female,32.1842,1221.9444,11.8533
Hipparchia,maderensis,Hipparchia_maderensis,Male,31.8450,864.8407,12.5556
Hipparchia,mersina,Hipparchia_mersina,Female,34.4316,1447.5853,11.5235
Hipparchia,mersina,Hipparchia_mersina,Male,37.2302,1141.6470,11.9882
Hipparchia,neomiris,Hipparchia_neomiris,Female,29.0888,944.7065,12.3722
Hipparchia,neomiris,Hipparchia_neomiris,Male,32.7354,942.4482,12.3772
Hipparchia,pellucida,Hipparchia_pellucida,Female,39.1808,1562.0528,11.3783
Hipparchia,pellucida,Hipparchia_pellucida,Male,34.4316,1120.4696,12.0256
Hipparchia,semele,Hipparchia_semele,Female,35.0252,939.0463,12.3846
Hipparchia,semele,Hipparchia_semele,Male,31.7178,1079.5747,12.1003
Hipparchia,senthes,Hipparchia_senthes,Female,37.3150,1528.5048,11.4196
Hipparchia,statilinus,Hipparchia_statilinus,Female,34.3892,1341.3385,11.6707
Hipparchia,statilinus,Hipparchia_statilinus,Male,36.5942,1285.8255,11.7531
Hipparchia,syriaca,Hipparchia_syriaca,Female,36.4669,1597.7225,11.3356
Hipparchia,syriaca,Hipparchia_syriaca,Male,39.4352,1550.8186,11.3920
Hipparchia,volgensis,Hipparchia_volgensis,Female,37.6542,1521.4205,11.4284
Hipparchia,volgensis,Hipparchia_volgensis,Male,38.5023,1251.2130,11.8066
Hipparchia,wyssii,Hipparchia_wyssii,Female,35.1948,1458.9454,11.5085
Hipparchia,wyssii,Hipparchia_wyssii,Male,37.6542,1441.7345,11.5312
Hyponephele,lupina,Hyponephele_lupina,Female,29.0039,938.0358,12.3868
Hyponephele,lupina,Hyponephele_lupina,Male,26.1205,842.3363,12.6108
Hyponephele,lycaon,Hyponephele_lycaon,Female,30.4457,922.2705,12.4218
Hyponephele,lycaon,Hyponephele_lycaon,Male,26.3749,690.2716,13.0359
Iolana,iolas,Iolana_iolas,Female,29.3008,778.3078,12.7779
Iolana,iolas,Iolana_iolas,Male,28.9191,703.2284,12.9956
Iphiclides,feisthamelii,Iphiclides_feisthamelii,Male,45.9653,1717.8251,11.1997
Iphiclides,podalirius,Iphiclides_podalirius,Male,48.6791,1778.2396,11.1354
Issoria,lathonia,Issoria_lathonia,Female,32.7354,1011.3567,12.2326
Issoria,lathonia,Issoria_lathonia,Male,37.5694,814.9556,12.6804
Kirinia,climene,Kirinia_climene,Female,30.2760,1066.2404,12.1254
Kirinia,climene,Kirinia_climene,Male,16.3253,246.4588,15.4748
Kirinia,roxelana,Kirinia_roxelana,Female,33.9227,1337.8107,11.6758
Kirinia,roxelana,Kirinia_roxelana,Male,43.1667,1505.6048,11.4483
Kretania,eurypilus,Kretania_eurypilus,Female,21.2865,379.7734,14.3997
Kretania,eurypilus,Kretania_eurypilus,Male,23.2371,366.9102,14.4826
Kretania,hesperica,Kretania_hesperica,Female,19.5904,374.1959,14.4352
Kretania,hesperica,Kretania_hesperica,Male,17.9366,346.3621,14.6222
Kretania,psylorita,Kretania_psylorita,Female,18.6999,263.9286,15.2993
Kretania,psylorita,Kretania_psylorita,Male,17.8942,253.6905,15.4004
Kretania,sephirus,Kretania_sephirus,Female,20.3112,403.8206,14.2532
Kretania,sephirus,Kretania_sephirus,Male,24.0851,414.1234,14.1936
Kretania,trappi,Kretania_trappi,Female,20.8625,413.0697,14.1996
Kretania,trappi,Kretania_trappi,Male,21.8802,400.7351,14.2715
Laeosopis,roboris,Laeosopis_roboris,Female,24.2548,589.9116,13.3815
Laeosopis,roboris,Laeosopis_roboris,Male,25.9509,533.6722,13.6066
Lampides,boeticus,Lampides_boeticus,Female,25.6117,519.3202,13.6685
Lampides,boeticus,Lampides_boeticus,Male,24.8908,502.2854,13.7446
Lasiommata,maera,Lasiommata_maera,Female,30.9121,1229.7299,11.8407
Lasiommata,maera,Lasiommata_maera,Male,35.0252,1125.2021,12.0172
Lasiommata,megera,Lasiommata_megera,Female,27.1382,764.8799,12.8150
Lasiommata,megera,Lasiommata_megera,Male,28.6223,628.2748,13.2418
Lasiommata,paramegaera,Lasiommata_paramegaera,Female,26.1205,735.8989,12.8977
Lasiommata,paramegaera,Lasiommata_paramegaera,Male,12.8906,169.2145,16.4747
Lasiommata,petropolitana,Lasiommata_petropolitana,Female,25.5269,725.0531,12.9296
Lasiommata,petropolitana,Lasiommata_petropolitana,Male,29.0888,730.6486,12.9131
Leptidea,duponcheli,Leptidea_duponcheli,Female,28.8343,524.6532,13.6453
Leptidea,duponcheli,Leptidea_duponcheli,Male,27.1382,497.8874,13.7648
Leptidea,morsei,Leptidea_morsei,Female,30.1912,568.2235,13.4652
Leptidea,morsei,Leptidea_morsei,Male,34.7284,666.0375,13.1137
Leptidea,sinapis,Leptidea_sinapis,Female,30.5305,606.8061,13.3187
Leptidea,sinapis,Leptidea_sinapis,Male,29.5976,483.6756,13.8313
Leptotes,pirithous,Leptotes_pirithous,Female,17.5550,259.2969,15.3445
Leptotes,pirithous,Leptotes_pirithous,Male,20.3536,280.1075,15.1485
Libythea,celtis,Libythea_celtis,Male,30.3609,582.4173,13.4100
Limenitis,camilla,Limenitis_camilla,Male,36.1277,1149.1773,11.9751
Limenitis,populi,Limenitis_populi,Female,47.8311,2457.0361,10.5517
Limenitis,populi,Limenitis_populi,Male,46.8134,2263.6450,10.6967
Limenitis,reducta,Limenitis_reducta,Male,36.3821,920.5587,12.4257
Lopinga,achine,Lopinga_achine,Female,29.3432,1165.2482,11.9474
Lopinga,achine,Lopinga_achine,Male,16.4525,266.9314,15.2705
Lycaena,alciphron,Lycaena_alciphron,Female,25.8661,616.3394,13.2842
Lycaena,alciphron,Lycaena_alciphron,Male,27.3926,550.0920,13.5381
Lycaena,bleusei,Lycaena_bleusei,Female,21.8802,381.0680,14.3916
Lycaena,bleusei,Lycaena_bleusei,Male,26.6294,469.5753,13.8996
Lycaena,candens,Lycaena_candens,Female,26.9686,572.3231,13.4491
Lycaena,candens,Lycaena_candens,Male,26.9686,526.8324,13.6359
Lycaena,dispar,Lycaena_dispar,Female,29.0039,838.2476,12.6210
Lycaena,dispar,Lycaena_dispar,Male,26.2901,550.6314,13.5359
Lycaena,helle,Lycaena_helle,Female,18.1063,289.0618,15.0693
Lycaena,helle,Lycaena_helle,Male,18.1487,250.9431,15.4284
Lycaena,hippothoe,Lycaena_hippothoe,Female,25.0180,495.6974,13.7749
Lycaena,hippothoe,Lycaena_hippothoe,Male,24.8484,433.4704,14.0861
Lycaena,ottomana,Lycaena_ottomana,Female,22.7282,467.7629,13.9086
Lycaena,ottomana,Lycaena_ottomana,Male,25.4421,431.9493,14.0943
Lycaena,phlaeas,Lycaena_phlaeas,Female,21.5409,387.6201,14.3508
Lycaena,phlaeas,Lycaena_phlaeas,Male,19.5056,272.8290,15.2150
Lycaena,thersamon,Lycaena_thersamon,Female,22.3890,419.6434,14.1623
Lycaena,thersamon,Lycaena_thersamon,Male,25.5693,381.2550,14.3904
Lycaena,thetis,Lycaena_thetis,Female,21.2017,368.6327,14.4713
Lycaena,thetis,Lycaena_thetis,Male,24.7636,371.2075,14.4545
Lycaena,tityrus,Lycaena_tityrus,Female,24.5516,452.4686,13.9858
Lycaena,tityrus,Lycaena_tityrus,Male,23.2371,365.3315,14.4930
Lycaena,virgaureae,Lycaena_virgaureae,Female,25.5269,544.1081,13.5628
Lycaena,virgaureae,Lycaena_virgaureae,Male,25.5693,567.7560,13.4670
Lysandra,albicans,Lysandra_albicans,Female,24.4244,502.9543,13.7416
Lysandra,albicans,Lysandra_albicans,Male,32.4810,694.1878,13.0236
Lysandra,bellargus,Lysandra_bellargus,Female,23.8731,418.9494,14.1662
Lysandra,bellargus,Lysandra_bellargus,Male,23.3219,401.5083,14.2669
Lysandra,caelestissima,Lysandra_caelestissima,Female,23.1947,454.2199,13.9768
Lysandra,caelestissima,Lysandra_caelestissima,Male,27.7318,526.0341,13.6393
Lysandra,coridon,Lysandra_coridon,Female,25.4421,484.1503,13.8291
Lysandra,coridon,Lysandra_coridon,Male,27.3926,500.6923,13.7519
Lysandra,hispana,Lysandra_hispana,Female,24.0427,484.8299,13.8258
Lysandra,hispana,Lysandra_hispana,Male,27.5622,498.5347,13.7618
Maniola,jurtina,Maniola_jurtina,Female,30.7849,1006.9335,12.2415
Maniola,jurtina,Maniola_jurtina,Male,32.8627,933.2062,12.3975
Maniola,nurag,Maniola_nurag,Female,25.9509,793.4725,12.7369
Maniola,nurag,Maniola_nurag,Male,24.5092,705.4364,12.9888
Maniola,telmessia,Maniola_telmessia,Female,29.4280,1017.0493,12.2211
Maniola,telmessia,Maniola_telmessia,Male,30.1912,859.8314,12.5677
Melanargia,arge,Melanargia_arge,Female,17.0462,276.8171,15.1783
Melanargia,arge,Melanargia_arge,Male,32.5658,1148.7853,11.9758
Melanargia,galathea,Melanargia_galathea,Female,29.3432,956.3651,12.3470
Melanargia,galathea,Melanargia_galathea,Male,32.4810,925.0035,12.4157
Melanargia,ines,Melanargia_ines,Female,30.4457,1093.8009,12.0740
Melanargia,ines,Melanargia_ines,Male,35.1100,1023.5295,12.2082
Melanargia,lachesis,Melanargia_lachesis,Female,33.5835,1291.6764,11.7442
Melanargia,lachesis,Melanargia_lachesis,Male,31.2089,1091.0067,12.0791
Melanargia,larissa,Melanargia_larissa,Female,31.8874,1106.8332,12.0502
Melanargia,larissa,Melanargia_larissa,Male,17.1310,292.1868,15.0423
Melanargia,occitanica,Melanargia_occitanica,Female,31.1665,1062.3350,12.1328
Melanargia,occitanica,Melanargia_occitanica,Male,35.2372,1064.1331,12.1294
Melanargia,pherusa,Melanargia_pherusa,Male,32.0146,955.2036,12.3495
Melanargia,russiae,Melanargia_russiae,cleanthe,34.2196,933.2098,12.3975
Melanargia,russiae,Melanargia_russiae,Female,31.7178,1115.4674,12.0346
Melitaea,aetherie,Melitaea_aetherie,Female,34.2620,1019.8363,12.2156
Melitaea,aetherie,Melitaea_aetherie,Male,36.5518,937.1260,12.3888
Melitaea,arduinna,Melitaea_arduinna,Female,34.7284,929.8151,12.4050
Melitaea,arduinna,Melitaea_arduinna,Male,32.9051,772.1728,12.7948
Melitaea,asteria,Melitaea_asteria,Female,21.6257,370.6286,14.4583
Melitaea,asteria,Melitaea_asteria,Male,18.4031,277.8312,15.1691
Melitaea,athalia,Melitaea_athalia,Female,29.5128,662.1968,13.1264
Melitaea,athalia,Melitaea_athalia,Male,30.1064,619.9211,13.2714
Melitaea,aurelia,Melitaea_aurelia,Female,24.4244,458.6216,13.9544
Melitaea,aurelia,Melitaea_aurelia,Male,25.2724,432.7224,14.0901
Melitaea,britomartis,Melitaea_britomartis,Female,24.6788,538.5953,13.5858
Melitaea,britomartis,Melitaea_britomartis,Male,23.9155,482.7766,13.8356
Melitaea,celadussa,Melitaea_celadussa,Female,27.8166,689.7969,13.0374
Melitaea,celadussa,Melitaea_celadussa,Male,30.3184,650.2398,13.1663
Melitaea,cinxia,Melitaea_cinxia,Female,33.0747,764.8296,12.8151
Melitaea,cinxia,Melitaea_cinxia,Male,33.0323,652.7787,13.1577
Melitaea,deione,Melitaea_deione,Female,30.0216,636.7113,13.2124
Melitaea,deione,Melitaea_deione,Male,30.6577,609.4636,13.3090
Melitaea,diamina,Melitaea_diamina,Female,25.7813,623.1108,13.2600
Melitaea,diamina,Melitaea_diamina,Male,26.9686,482.7838,13.8356
Melitaea,didyma,Melitaea_didyma,Female,28.1559,631.8637,13.2293
Melitaea,didyma,Melitaea_didyma,Male,30.4457,571.2299,13.4534
Melitaea,parthenoides,Melitaea_parthenoides,Female,25.6965,522.4811,13.6547
Melitaea,parthenoides,Melitaea_parthenoides,Male,24.8484,412.9798,14.2001
Melitaea,phoebe,Melitaea_phoebe,Female,28.8343,657.9858,13.1403
Melitaea,phoebe,Melitaea_phoebe,Male,28.2407,629.1774,13.2386
Melitaea,trivia,Melitaea_trivia,Female,29.5976,706.7202,12.9849
Melitaea,trivia,Melitaea_trivia,Male,30.1912,592.8568,13.3704
Melitaea,varia,Melitaea_varia,Female,26.1205,476.8826,13.8639
Melitaea,varia,Melitaea_varia,Male,26.4173,376.1809,14.4225
Minois,dryas,Minois_dryas,Female,35.6189,2049.2526,10.8754
Minois,dryas,Minois_dryas,Male,36.2973,1278.4859,11.7643
Muschampia,cribrellum,Muschampia_cribrellum,Female,27.7318,383.8946,14.3739
Muschampia,cribrellum,Muschampia_cribrellum,Male,26.1205,291.1296,15.0514
Muschampia,proto,Muschampia_proto,Female,26.4597,382.0390,14.3855
Muschampia,proto,Muschampia_proto,Male,27.7318,355.2301,14.5608
Muschampia,tessellum,Muschampia_tessellum,Female,32.8203,537.6135,13.5899
Muschampia,tessellum,Muschampia_tessellum,Male,32.2266,479.4610,13.8515
Neolysandra,coelestina,Neolysandra_coelestina,Female,23.3219,431.2696,14.0980
Neolysandra,coelestina,Neolysandra_coelestina,Male,23.4067,428.2453,14.1145
Neptis,rivularis,Neptis_rivularis,Male,31.4209,1096.4656,12.0691
Neptis,sappho,Neptis_sappho,Male,32.4810,817.9152,12.6727
Nymphalis,antiopa,Nymphalis_antiopa,Male,42.7427,1880.5847,11.0321
Nymphalis,polychloros,Nymphalis_polychloros,Male,39.5200,1458.0859,11.5096
Nymphalis,vaualbum,Nymphalis_vaualbum,Male,42.6154,1669.0117,11.2535
Nymphalis,xanthomelas,Nymphalis_xanthomelas,Male,40.4529,1551.9226,11.3907
Ochlodes,sylvanus,Ochlodes_sylvanus,Female,29.8096,341.1729,14.6590
Ochlodes,sylvanus,Ochlodes_sylvanus,Male,28.7495,306.2907,14.9247
Oeneis,bore,Oeneis_bore,Female,25.3572,758.3997,12.8332
Oeneis,bore,Oeneis_bore,Male,27.7318,753.9945,12.8456
Oeneis,glacialis,Oeneis_glacialis,Female,34.9404,1365.0081,11.6367
Oeneis,glacialis,Oeneis_glacialis,Male,31.2089,1086.6123,12.0872
Oeneis,jutta,Oeneis_jutta,Female,16.2829,301.6805,14.9624
Oeneis,jutta,Oeneis_jutta,Male,34.1772,1159.9871,11.9564
Oeneis,norna,Oeneis_norna,Female,30.0216,1023.8459,12.2076
Oeneis,norna,Oeneis_norna,Male,28.0711,777.5849,12.7799
Papilio,alexanor,Papilio_alexanor,Female,51.5626,2917.6391,10.2540
Papilio,alexanor,Papilio_alexanor,Male,23.2795,424.8470,14.1333
Papilio,hospiton,Papilio_hospiton,Male,47.8311,1879.8762,11.0328
Papilio,machaon,Papilio_machaon,Male,47.3222,1826.6647,11.0857
Pararge,aegeria,Pararge_aegeria,Female,24.0851,772.9855,12.7925
Pararge,aegeria,Pararge_aegeria,Male,25.8661,708.3025,12.9801
Pararge,xiphia,Pararge_xiphia,Female,28.8767,1133.4084,12.0027
Pararge,xiphia,Pararge_xiphia,Male,35.7461,1185.8143,11.9127
Pararge,xiphioides,Pararge_xiphioides,Female,24.3820,781.4328,12.7694
Pararge,xiphioides,Pararge_xiphioides,Male,29.0039,735.7335,12.8982
Parnassius,apollo,Parnassius_apollo,Female,24.2548,532.9098,13.6098
Parnassius,apollo,Parnassius_apollo,Male,25.8237,600.8761,13.3405
Parnassius,mnemosyne,Parnassius_mnemosyne,Female,32.5234,1136.8930,11.9965
Parnassius,mnemosyne,Parnassius_mnemosyne,Male,39.3504,1261.4763,11.7906
Parnassius,phoebus,Parnassius_phoebus,Female,47.7463,1915.0893,10.9987
Parnassius,phoebus,Parnassius_phoebus,Male,41.0465,1820.6485,11.0918
Pelopidas,thrax,Pelopidas_thrax,Female,36.1277,527.4905,13.6330
Pelopidas,thrax,Pelopidas_thrax,Male,34.6012,411.6960,14.2075
Phengaris,alcon,Phengaris_alcon,Female,21.6257,395.3697,14.3035
Phengaris,alcon,Phengaris_alcon,Male,23.8307,430.6187,14.1015
Phengaris,arion,Phengaris_arion,Female,29.0888,734.7014,12.9012
Phengaris,arion,Phengaris_arion,Male,32.0570,741.7066,12.8808
Phengaris,nausithous,Phengaris_nausithous,Female,24.8484,552.8502,13.5268
Phengaris,nausithous,Phengaris_nausithous,Male,26.7990,538.2644,13.5872
Phengaris,teleius,Phengaris_teleius,Female,25.3997,564.4836,13.4800
Phengaris,teleius,Phengaris_teleius,Male,26.9262,529.2598,13.6254
Pieris,brassicae,Pieris_brassicae,Female,39.6896,1408.2368,11.5765
Pieris,brassicae,Pieris_brassicae,Male,40.7073,1356.0178,11.6495
Pieris,bryoniae,Pieris_bryoniae,Female,29.5128,669.8853,13.1012
Pieris,bryoniae,Pieris_bryoniae,Male,30.1912,676.3187,13.0803
Pieris,cheiranthi,Pieris_cheiranthi,Female,45.1172,1915.7545,10.9981
Pieris,ergane,Pieris_ergane,Female,28.9191,670.5002,13.0992
Pieris,ergane,Pieris_ergane,Male,27.9439,648.2404,13.1730
Pieris,krueperi,Pieris_krueperi,Female,33.9227,1089.7517,12.0814
Pieris,krueperi,Pieris_krueperi,Male,32.6930,997.9396,12.2598
Pieris,mannii,Pieris_mannii,Female,29.9792,749.1290,12.8595
Pieris,mannii,Pieris_mannii,Male,29.5128,791.8938,12.7412
Pieris,napi,Pieris_napi,Female,29.4704,705.4292,12.9888
Pieris,napi,Pieris_napi,Male,30.1488,746.0759,12.8682
Pieris,rapae,Pieris_rapae,Female,32.9051,836.2553,12.6260
Pieris,rapae,Pieris_rapae,Male,32.3538,828.6136,12.6453
Plebejidea,loewii,Plebejidea_loewii,Female,20.0992,336.8396,14.6903
Plebejidea,loewii,Plebejidea_loewii,Male,23.3219,387.5554,14.3512
Plebejus,argus,Plebejus_argus,Female,18.1487,264.9248,15.2897
Plebejus,argus,Plebejus_argus,Male,19.9296,266.3992,15.2756
Plebejus,argyrognomon,Plebejus_argyrognomon,Female,20.3536,392.2196,14.3226
Plebejus,argyrognomon,Plebejus_argyrognomon,Male,18.0639,323.9943,14.7857
Plebejus,idas,Plebejus_idas,Female,20.1840,372.7575,14.4445
Plebejus,idas,Plebejus_idas,Male,18.3183,287.5658,15.0823
Polygonia,calbum,Polygonia_calbum,Female,35.1948,1068.9123,12.1203
Polygonia,calbum,Polygonia_calbum,Male,36.0429,958.5983,12.3422
Polygonia,egea,Polygonia_egea,Female,37.6542,1087.7846,12.0851
Polygonia,egea,Polygonia_egea,Male,38.5871,960.6157,12.3379
Polyommatus,admetus,Polyommatus_admetus,Female,22.5586,409.4197,14.2206
Polyommatus,admetus,Polyommatus_admetus,Male,27.4774,499.1424,13.7590
Polyommatus,amandus,Polyommatus_amandus,Female,24.8484,523.1248,13.6519
Polyommatus,amandus,Polyommatus_amandus,Male,27.0534,588.9119,13.3853
Polyommatus,aroaniensis,Polyommatus_aroaniensis,Female,21.0321,356.7440,14.5505
Polyommatus,aroaniensis,Polyommatus_aroaniensis,Male,25.3572,415.1339,14.1878
Polyommatus,celina,Polyommatus_celina,Male,21.5409,366.5002,14.4853
Polyommatus,damon,Polyommatus_damon,Female,20.6929,351.1880,14.5886
Polyommatus,damon,Polyommatus_damon,Male,22.9827,403.6156,14.2544
Polyommatus,daphnis,Polyommatus_daphnis,Female,26.0357,501.3828,13.7488
Polyommatus,daphnis,Polyommatus_daphnis,Male,27.7318,565.2352,13.4770
Polyommatus,dolus,Polyommatus_dolus,Female,24.1700,518.8167,13.6707
Polyommatus,dolus,Polyommatus_dolus,Male,28.1559,590.8862,13.3778
Polyommatus,dorylas,Polyommatus_dorylas,Female,21.4561,404.1910,14.2511
Polyommatus,dorylas,Polyommatus_dorylas,Male,26.5869,500.5485,13.7526
Polyommatus,eros,Polyommatus_eros,Female,19.6328,293.3663,15.0322
Polyommatus,eros,Polyommatus_eros,Male,23.8307,336.0736,14.6958
Polyommatus,escheri,Polyommatus_escheri,Female,23.4067,438.2137,14.0606
Polyommatus,escheri,Polyommatus_escheri,Male,24.5940,525.0056,13.6438
Polyommatus,fabressei,Polyommatus_fabressei,Female,24.0427,456.3380,13.9660
Polyommatus,fabressei,Polyommatus_fabressei,Male,27.3926,502.9867,13.7414
Polyommatus,golgus,Polyommatus_golgus,Female,19.7600,319.6215,14.8192
Polyommatus,golgus,Polyommatus_golgus,Male,21.2865,353.3169,14.5739
Polyommatus,humedasae,Polyommatus_humedasae,Female,22.7282,385.3510,14.3648
Polyommatus,humedasae,Polyommatus_humedasae,Male,23.2371,385.9156,14.3613
Polyommatus,icarus,Polyommatus_icarus,Female,21.1169,359.9158,14.5291
Polyommatus,icarus,Polyommatus_icarus,Male,22.6434,350.0121,14.5967
Polyommatus,iphigenia,Polyommatus_iphigenia,Female,18.8271,320.5241,14.8122
Polyommatus,iphigenia,Polyommatus_iphigenia,Male,21.4561,382.5209,14.3824
Polyommatus,nephohiptamenos,Polyommatus_nephohiptamenos,Female,20.8201,378.8349,14.4056
Polyommatus,nephohiptamenos,Polyommatus_nephohiptamenos,Male,24.0427,383.8910,14.3739
Polyommatus,nivescens,Polyommatus_nivescens,Female,24.2972,451.2244,13.9922
Polyommatus,nivescens,Polyommatus_nivescens,Male,23.8731,405.1475,14.2455
Polyommatus,ripartii,Polyommatus_ripartii,Female,22.9403,390.4790,14.3332
Polyommatus,ripartii,Polyommatus_ripartii,Male,25.0180,437.6167,14.0637
Polyommatus,thersites,Polyommatus_thersites,Female,19.9296,351.5261,14.5862
Polyommatus,thersites,Polyommatus_thersites,Male,23.1523,418.1906,14.1705
Polyommatus,violetae,Polyommatus_violetae,Female,23.4067,459.2725,13.9511
Polyommatus,violetae,Polyommatus_violetae,Male,24.8484,427.5800,14.1182
Pontia,callidice,Pontia_callidice,Female,31.3361,898.1910,12.4767
Pontia,callidice,Pontia_callidice,Male,34.3468,915.1754,12.4378
Pontia,chloridice,Pontia_chloridice,Female,26.5869,658.5001,13.1386
Pontia,chloridice,Pontia_chloridice,Male,26.3749,632.7448,13.2262
Pontia,daplidice,Pontia_daplidice,Female,31.2937,833.2957,12.6335
Pontia,daplidice,Pontia_daplidice,Male,31.0393,762.9488,12.8204
Proterebia,phegea,Proterebia_phegea,Female,28.4103,1040.0895,12.1756
Proterebia,phegea,Proterebia_phegea,Male,33.7531,1006.0704,12.2432
Pseudochazara,amalthea,Pseudochazara_amalthea,Female,37.3150,1510.3229,11.4423
Pseudochazara,amymone,Pseudochazara_amymone,Female,32.3114,1136.5478,11.9971
Pseudochazara,amymone,Pseudochazara_amymone,Male,32.9051,1116.7296,12.0323
Pseudochazara,anthelea,Pseudochazara_anthelea,Female,36.9758,1510.1323,11.4426
Pseudochazara,anthelea,Pseudochazara_anthelea,Male,33.9227,892.4300,12.4901
Pseudochazara,cingovskii,Pseudochazara_cingovskii,Female,36.4669,1404.7953,11.5812
Pseudochazara,cingovskii,Pseudochazara_cingovskii,Male,39.0112,1447.5961,11.5235
Pseudochazara,geyeri,Pseudochazara_geyeri,Female,16.1557,270.0780,15.2407
Pseudochazara,geyeri,Pseudochazara_geyeri,Male,34.6012,939.3016,12.3841
Pseudochazara,graeca,Pseudochazara_graeca,Female,34.0924,883.4614,12.5111
Pseudochazara,graeca,Pseudochazara_graeca,Male,35.1100,1217.5931,11.8603
Pseudochazara,orestes,Pseudochazara_orestes,Female,38.5023,1626.1210,11.3024
Pseudochazara,orestes,Pseudochazara_orestes,Male,40.2833,1324.7929,11.6948
Pseudochazara,tisiphone,Pseudochazara_tisiphone,Female,37.9087,1537.5094,11.4084
Pseudochazara,tisiphone,Pseudochazara_tisiphone,Male,38.9263,1276.8892,11.7668
Pseudochazara,williamsi,Pseudochazara_williamsi,Female,31.9722,996.3286,12.2631
Pseudochazara,williamsi,Pseudochazara_williamsi,Male,34.4316,931.5844,12.4011
Pseudophilotes,abencerragus,Pseudophilotes_abencerragus,Female,15.0956,182.5992,16.2672
Pseudophilotes,abencerragus,Pseudophilotes_abencerragus,Male,15.7741,170.4300,16.4551
Pseudophilotes,barbagiae,Pseudophilotes_barbagiae,Female,17.4702,252.4139,15.4134
Pseudophilotes,barbagiae,Pseudophilotes_barbagiae,male,15.9437,207.4591,15.9251
Pseudophilotes,baton,Pseudophilotes_baton,Female,16.7918,229.1436,15.6636
Pseudophilotes,baton,Pseudophilotes_baton,Male,15.7741,200.8099,16.0117
Pseudophilotes,bavius,Pseudophilotes_bavius,Female,16.8766,278.7338,15.1609
Pseudophilotes,bavius,Pseudophilotes_bavius,Male,18.8271,336.3685,14.6937
Pseudophilotes,panoptes,Pseudophilotes_panoptes,Female,17.3006,237.0730,15.5751
Pseudophilotes,panoptes,Pseudophilotes_panoptes,Male,16.9614,207.7288,15.9216
Pseudophilotes,vicrama,Pseudophilotes_vicrama,Female,16.2829,266.4927,15.2747
Pseudophilotes,vicrama,Pseudophilotes_vicrama,Male,15.6893,195.3043,16.0860
Pyrgus,alveus,Pyrgus_alveus,Female,24.8484,313.1341,14.8699
Pyrgus,alveus,Pyrgus_alveus,Male,27.5622,343.8592,14.6399
Pyrgus,andromedae,Pyrgus_andromedae,Female,22.7282,321.3440,14.8059
Pyrgus,andromedae,Pyrgus_andromedae,Male,24.3820,314.2201,14.8613
Pyrgus,armoricanus,Pyrgus_armoricanus,Female,23.7883,273.5554,15.2083
Pyrgus,armoricanus,Pyrgus_armoricanus,Male,25.7389,304.6725,14.9379
Pyrgus,cacaliae,Pyrgus_cacaliae,Female,26.2477,309.2539,14.9008
Pyrgus,cacaliae,Pyrgus_cacaliae,Male,25.1028,298.2606,14.9909
Pyrgus,carlinae,Pyrgus_carlinae,Female,23.2371,297.4983,14.9973
Pyrgus,carlinae,Pyrgus_carlinae,Male,21.7106,254.4529,15.3927
Pyrgus,carthami,Pyrgus_carthami,Female,26.5445,425.4439,14.1300
Pyrgus,carthami,Pyrgus_carthami,Male,25.7813,369.1578,14.4679
Pyrgus,centaureae,Pyrgus_centaureae,Female,22.7282,292.9672,15.0356
Pyrgus,centaureae,Pyrgus_centaureae,Male,22.3042,287.8175,15.0801
Pyrgus,cinarae,Pyrgus_cinarae,Female,28.5799,431.7191,14.0956
Pyrgus,cinarae,Pyrgus_cinarae,Male,31.2089,472.1681,13.8869
Pyrgus,cirsii,Pyrgus_cirsii,Female,25.0180,325.2781,14.7760
Pyrgus,cirsii,Pyrgus_cirsii,Male,27.9015,326.7489,14.7649
Pyrgus,foulquieri,Pyrgus_foulquieri,Female,25.8237,360.9083,14.5224
Pyrgus,foulquieri,Pyrgus_foulquieri,Male,28.4103,326.1844,14.7691
Pyrgus,malvae,Pyrgus_malvae,Female,21.5409,235.5554,15.5918
Pyrgus,malvae,Pyrgus_malvae,Male,20.9897,226.6658,15.6920
Pyrgus,onopordi,Pyrgus_onopordi,Female,24.6788,310.6168,14.8899
Pyrgus,onopordi,Pyrgus_onopordi,Male,23.2371,260.5159,15.3325
Pyrgus,serratulae,Pyrgus_serratulae,Female,24.7636,312.1308,14.8778
Pyrgus,serratulae,Pyrgus_serratulae,Male,19.6752,294.4452,15.0230
Pyrgus,sidae,Pyrgus_sidae,Female,29.9368,538.4298,13.5865
Pyrgus,sidae,Pyrgus_sidae,Male,30.5729,424.3327,14.1361
Pyrgus,warrenensis,Pyrgus_warrenensis,Female,17.8094,218.9163,15.7832
Pyrgus,warrenensis,Pyrgus_warrenensis,Male,21.2441,222.7893,15.7371
Pyronia,bathseba,Pyronia_bathseba,Female,24.0851,769.6088,12.8019
Pyronia,bathseba,Pyronia_bathseba,Male,25.1028,606.7594,13.3189
Pyronia,cecilia,Pyronia_cecilia,Female,24.8484,807.6412,12.6994
Pyronia,cecilia,Pyronia_cecilia,Male,22.7282,522.6322,13.6541
Pyronia,tithonus,Pyronia_tithonus,Female,25.6117,691.9977,13.0305
Pyronia,tithonus,Pyronia_tithonus,Male,25.4421,588.0309,13.3886
Satyrium,acaciae,Satyrium_acaciae,Female,22.2194,392.9028,14.3184
Satyrium,acaciae,Satyrium_acaciae,Male,19.3360,277.8492,15.1689
Satyrium,esculi,Satyrium_esculi,Female,23.0675,490.7995,13.7977
Satyrium,esculi,Satyrium_esculi,Male,24.2124,473.9589,13.8781
Satyrium,ilicis,Satyrium_ilicis,Female,23.9155,467.0508,13.9121
Satyrium,ilicis,Satyrium_ilicis,Male,25.9085,467.7305,13.9087
Satyrium,ledereri,Satyrium_ledereri,Female,21.8802,376.0659,14.4233
Satyrium,ledereri,Satyrium_ledereri,Male,22.7706,333.2507,14.7165
Satyrium,pruni,Satyrium_pruni,Female,23.1523,464.1236,13.9267
Satyrium,pruni,Satyrium_pruni,Male,20.8201,424.9441,14.1327
Satyrium,spini,Satyrium_spini,Female,24.7636,494.9781,13.7782
Satyrium,spini,Satyrium_spini,Male,24.0003,453.7273,13.9793
Satyrium,walbum,Satyrium_walbum,Female,20.0144,419.5391,14.1629
Satyrium,walbum,Satyrium_walbum,Male,22.3466,406.2659,14.2389
Satyrus,actaea,Satyrus_actaea,Female,28.6223,827.6283,12.6479
Satyrus,actaea,Satyrus_actaea,Male,35.4493,1183.5200,11.9165
Satyrus,ferula,Satyrus_ferula,Female,38.2903,1633.0471,11.2944
Satyrus,ferula,Satyrus_ferula,Male,40.4529,1644.0763,11.2818
Scolitantides,orion,Scolitantides_orion,Female,18.4879,265.7339,15.2819
Scolitantides,orion,Scolitantides_orion,Male,19.9296,282.7399,15.1249
Speyeria,aglaja,Speyeria_aglaja,Female,44.6084,1522.6036,11.4269
Speyeria,aglaja,Speyeria_aglaja,Male,47.2798,1453.7742,11.5153
Spialia,orbifer,Spialia_orbifer,Female,22.8979,276.6445,15.1799
Spialia,orbifer,Spialia_orbifer,Male,24.4244,258.3403,15.3539
Spialia,phlomidis,Spialia_phlomidis,Female,26.5445,352.4287,14.5800
Spialia,phlomidis,Spialia_phlomidis,Male,26.3749,349.1706,14.6026
Spialia,sertorius,Spialia_sertorius,sertorius,22.7282,243.4848,15.5061
Spialia,sertorius,Spialia_sertorius,Male,23.8731,260.5987,15.3317
Spialia,therapne,Spialia_therapne,Female,18.5727,191.9455,16.1325
Tarucus,balkanicus,Tarucus_balkanicus,Female,14.0779,169.6461,16.4677
Tarucus,balkanicus,Tarucus_balkanicus,Male,14.8412,183.4299,16.2549
Tarucus,theophrastus,Tarucus_theophrastus,Female,15.6045,238.3460,15.5612
Tarucus,theophrastus,Tarucus_theophrastus,Male,15.9437,205.2655,15.9533
Thecla,betulae,Thecla_betulae,Female,26.2053,698.9526,13.0088
Thecla,betulae,Thecla_betulae,Male,27.7318,635.0355,13.2182
Thymelicus ,hyrax,Thymelicus _hyrax,Female,28.4951,398.6170,14.2841
Thymelicus ,hyrax,Thymelicus _hyrax,Male,27.9863,306.5532,14.9226
Thymelicus ,sylvestris,Thymelicus _sylvestris,Male,27.0958,246.9982,15.4691
Thymelicus,acteon,Thymelicus_acteon,Female,24.6788,222.9223,15.7356
Thymelicus,acteon,Thymelicus_acteon,Male,25.6541,209.4082,15.9003
Thymelicus,christi,Thymelicus_christi,Male,23.7035,160.1200,16.6270
Thymelicus,lineola,Thymelicus_lineola,Female,23.2371,250.0009,15.4380
Thymelicus,lineola,Thymelicus_lineola,Male,26.2053,226.2415,15.6969
Thymelicus,sylvestris,Thymelicus_sylvestris,Female,27.2230,275.8461,15.1872
Tomares,ballus,Tomares_ballus,Female,23.3219,428.7344,14.1119
Tomares,ballus,Tomares_ballus,Male,20.4385,312.9327,14.8715
Tomares,nogelii,Tomares_nogelii,Female,17.9366,315.5219,14.8511
Tomares,nogelii,Tomares_nogelii,Male,23.2371,376.5549,14.4201
Turanana,taygetica,Turanana_taygetica,Female,16.6221,231.5098,15.6368
Turanana,taygetica,Turanana_taygetica,Male,15.7741,190.0468,16.1593
Vanessa,atalanta,Vanessa_atalanta,Male,41.9794,1418.3454,11.5627
Vanessa,cardui,Vanessa_cardui,Male,40.9617,1375.4332,11.6220
Vanessa,virginiensis,Vanessa_virginiensis,Female,33.3291,1266.6043,11.7826
Vanessa,vulcania,Vanessa_vulcania,Male,43.3363,1279.3921,11.7629
Ypthima,asterope,Ypthima_asterope,Female,20.7353,478.0873,13.8581
Ypthima,asterope,Ypthima_asterope,Male,22.0498,426.8788,14.1220
Zegris,eupheme,Zegris_eupheme,Female,34.6012,1027.4744,12.2004
Zegris,eupheme,Zegris_eupheme,Male,34.6012,753.3724,12.8474
Zerynthia,cassandra,Zerynthia_cassandra,Male,33.6683,889.6682,12.4965
Zerynthia,cerisy,Zerynthia_cerisy,Female,37.2302,1155.4956,11.9641
Zerynthia,cerisy,Zerynthia_cerisy,Male,42.3186,1424.7717,11.5540
Zerynthia,cretica,Zerynthia_cretica,Male,37.2726,1069.9659,12.1183
Zerynthia,polyxena,Zerynthia_polyxena,Female,38.4599,983.3970,12.2898
Zerynthia,polyxena,Zerynthia_polyxena,Male,34.2620,897.8098,12.4776
Zerynthia,rumina,Zerynthia_rumina,Female,34.6012,949.1945,12.3625
Zerynthia,rumina,Zerynthia_rumina,Male,30.5305,749.0175,12.8598
Zizeeria,knysna,Zizeeria_knysna,Female,14.1203,198.6342,16.0408
Zizeeria,knysna,Zizeeria_knysna,Male,16.5373,188.7989,16.1770
