Player,Block,Trial,Path,Butterfly
1,1,1,03,Gonepteryx_cleobule__Male
1,1,2,06,Pyrgus_sidae__Male
1,1,3,05,Pyrgus_sidae__Male
1,1,4,07,Lycaena_tityrus__Female
1,1,5,04,Papilio_alexanor__Female
1,1,6,08,Brintesia_circe__Male
1,1,7,09,Papilio_alexanor__Female
1,1,8,01,Gonepteryx_cleobule__Male
1,1,9,10,Brintesia_circe__Male
1,1,10,02,Lycaena_tityrus__Female
1,2,1,08,Lycaena_tityrus__Female
1,2,2,07,Brintesia_circe__Male
1,2,3,09,Gonepteryx_cleobule__Male
1,2,4,03,Brintesia_circe__Male
1,2,5,04,Lycaena_tityrus__Female
1,2,6,01,Papilio_alexanor__Female
1,2,7,05,Gonepteryx_cleobule__Male
1,2,8,10,Pyrgus_sidae__Male
1,2,9,06,Papilio_alexanor__Female
1,2,10,02,Pyrgus_sidae__Male
1,3,1,05,Brintesia_circe__Male
1,3,2,10,Lycaena_tityrus__Female
1,3,3,03,Papilio_alexanor__Female
1,3,4,09,Lycaena_tityrus__Female
1,3,5,08,Gonepteryx_cleobule__Male
1,3,6,06,Brintesia_circe__Male
1,3,7,02,Papilio_alexanor__Female
1,3,8,04,Pyrgus_sidae__Male
1,3,9,07,Gonepteryx_cleobule__Male
1,3,10,01,Pyrgus_sidae__Male
2,1,1,05,Lycaena_tityrus__Female
2,1,2,01,Brintesia_circe__Male
2,1,3,02,Gonepteryx_cleobule__Male
2,1,4,04,Gonepteryx_cleobule__Male
2,1,5,08,Papilio_alexanor__Female
2,1,6,06,Lycaena_tityrus__Female
2,1,7,10,Papilio_alexanor__Female
2,1,8,07,Pyrgus_sidae__Male
2,1,9,03,Pyrgus_sidae__Male
2,1,10,09,Brintesia_circe__Male
2,2,1,05,Papilio_alexanor__Female
2,2,2,04,Brintesia_circe__Male
2,2,3,07,Papilio_alexanor__Female
2,2,4,10,Gonepteryx_cleobule__Male
2,2,5,02,Brintesia_circe__Male
2,2,6,09,Pyrgus_sidae__Male
2,2,7,03,Lycaena_tityrus__Female
2,2,8,01,Lycaena_tityrus__Female
2,2,9,06,Gonepteryx_cleobule__Male
2,2,10,08,Pyrgus_sidae__Male
2,3,1,07,Gonepteryx_cleobule__Male
2,3,2,01,Pyrgus_sidae__Male
2,3,3,04,Brintesia_circe__Male
2,3,4,02,Brintesia_circe__Male
2,3,5,06,Lycaena_tityrus__Female
2,3,6,09,Pyrgus_sidae__Male
2,3,7,03,Papilio_alexanor__Female
2,3,8,05,Gonepteryx_cleobule__Male
2,3,9,08,Papilio_alexanor__Female
2,3,10,10,Lycaena_tityrus__Female
3,1,1,01,Brintesia_circe__Male
3,1,2,02,Gonepteryx_cleobule__Male
3,1,3,03,Lycaena_tityrus__Female
3,1,4,09,Lycaena_tityrus__Female
3,1,5,04,Papilio_alexanor__Female
3,1,6,10,Pyrgus_sidae__Male
3,1,7,06,Gonepteryx_cleobule__Male
3,1,8,07,Papilio_alexanor__Female
3,1,9,08,Pyrgus_sidae__Male
3,1,10,05,Brintesia_circe__Male
3,2,1,10,Gonepteryx_cleobule__Male
3,2,2,05,Pyrgus_sidae__Male
3,2,3,03,Pyrgus_sidae__Male
3,2,4,06,Brintesia_circe__Male
3,2,5,04,Lycaena_tityrus__Female
3,2,6,02,Papilio_alexanor__Female
3,2,7,07,Lycaena_tityrus__Female
3,2,8,01,Papilio_alexanor__Female
3,2,9,09,Brintesia_circe__Male
3,2,10,08,Gonepteryx_cleobule__Male
3,3,1,06,Papilio_alexanor__Female
3,3,2,07,Brintesia_circe__Male
3,3,3,05,Lycaena_tityrus__Female
3,3,4,01,Gonepteryx_cleobule__Male
3,3,5,08,Lycaena_tityrus__Female
3,3,6,02,Pyrgus_sidae__Male
3,3,7,10,Brintesia_circe__Male
3,3,8,09,Papilio_alexanor__Female
3,3,9,03,Gonepteryx_cleobule__Male
3,3,10,04,Pyrgus_sidae__Male
4,1,1,04,Gonepteryx_cleobule__Male
4,1,2,07,Pyrgus_sidae__Male
4,1,3,02,Lycaena_tityrus__Female
4,1,4,05,Papilio_alexanor__Female
4,1,5,09,Gonepteryx_cleobule__Male
4,1,6,01,Lycaena_tityrus__Female
4,1,7,08,Brintesia_circe__Male
4,1,8,03,Brintesia_circe__Male
4,1,9,06,Pyrgus_sidae__Male
4,1,10,10,Papilio_alexanor__Female
4,2,1,05,Pyrgus_sidae__Male
4,2,2,06,Papilio_alexanor__Female
4,2,3,08,Lycaena_tityrus__Female
4,2,4,02,Gonepteryx_cleobule__Male
4,2,5,07,Lycaena_tityrus__Female
4,2,6,04,Brintesia_circe__Male
4,2,7,03,Gonepteryx_cleobule__Male
4,2,8,10,Pyrgus_sidae__Male
4,2,9,09,Papilio_alexanor__Female
4,2,10,01,Brintesia_circe__Male
4,3,1,03,Papilio_alexanor__Female
4,3,2,01,Lycaena_tityrus__Female
4,3,3,02,Pyrgus_sidae__Male
4,3,4,05,Brintesia_circe__Male
4,3,5,07,Gonepteryx_cleobule__Male
4,3,6,04,Papilio_alexanor__Female
4,3,7,09,Brintesia_circe__Male
4,3,8,08,Gonepteryx_cleobule__Male
4,3,9,10,Lycaena_tityrus__Female
4,3,10,06,Pyrgus_sidae__Male
5,1,1,07,Brintesia_circe__Male
5,1,2,04,Lycaena_tityrus__Female
5,1,3,01,Papilio_alexanor__Female
5,1,4,08,Papilio_alexanor__Female
5,1,5,03,Pyrgus_sidae__Male
5,1,6,06,Gonepteryx_cleobule__Male
5,1,7,09,Pyrgus_sidae__Male
5,1,8,05,Gonepteryx_cleobule__Male
5,1,9,02,Lycaena_tityrus__Female
5,1,10,10,Brintesia_circe__Male
5,2,1,06,Brintesia_circe__Male
5,2,2,09,Lycaena_tityrus__Female
5,2,3,10,Gonepteryx_cleobule__Male
5,2,4,08,Pyrgus_sidae__Male
5,2,5,07,Papilio_alexanor__Female
5,2,6,04,Pyrgus_sidae__Male
5,2,7,01,Gonepteryx_cleobule__Male
5,2,8,03,Lycaena_tityrus__Female
5,2,9,02,Brintesia_circe__Male
5,2,10,05,Papilio_alexanor__Female
5,3,1,05,Lycaena_tityrus__Female
5,3,2,04,Gonepteryx_cleobule__Male
5,3,3,07,Pyrgus_sidae__Male
5,3,4,09,Gonepteryx_cleobule__Male
5,3,5,03,Brintesia_circe__Male
5,3,6,10,Papilio_alexanor__Female
5,3,7,08,Brintesia_circe__Male
5,3,8,06,Lycaena_tityrus__Female
5,3,9,01,Pyrgus_sidae__Male
5,3,10,02,Papilio_alexanor__Female
6,1,1,05,Lycaena_tityrus__Female
6,1,2,08,Gonepteryx_cleobule__Male
6,1,3,10,Papilio_alexanor__Female
6,1,4,07,Pyrgus_sidae__Male
6,1,5,06,Lycaena_tityrus__Female
6,1,6,04,Gonepteryx_cleobule__Male
6,1,7,09,Papilio_alexanor__Female
6,1,8,03,Pyrgus_sidae__Male
6,1,9,01,Brintesia_circe__Male
6,1,10,02,Brintesia_circe__Male
6,2,1,04,Papilio_alexanor__Female
6,2,2,07,Gonepteryx_cleobule__Male
6,2,3,03,Lycaena_tityrus__Female
6,2,4,01,Papilio_alexanor__Female
6,2,5,06,Brintesia_circe__Male
6,2,6,05,Pyrgus_sidae__Male
6,2,7,09,Brintesia_circe__Male
6,2,8,02,Gonepteryx_cleobule__Male
6,2,9,08,Pyrgus_sidae__Male
6,2,10,10,Lycaena_tityrus__Female
6,3,1,10,Brintesia_circe__Male
6,3,2,05,Papilio_alexanor__Female
6,3,3,08,Lycaena_tityrus__Female
6,3,4,06,Papilio_alexanor__Female
6,3,5,07,Lycaena_tityrus__Female
6,3,6,09,Gonepteryx_cleobule__Male
6,3,7,03,Brintesia_circe__Male
6,3,8,04,Pyrgus_sidae__Male
6,3,9,01,Gonepteryx_cleobule__Male
6,3,10,02,Pyrgus_sidae__Male
7,1,1,10,Gonepteryx_cleobule__Male
7,1,2,02,Papilio_alexanor__Female
7,1,3,01,Lycaena_tityrus__Female
7,1,4,09,Pyrgus_sidae__Male
7,1,5,04,Lycaena_tityrus__Female
7,1,6,08,Brintesia_circe__Male
7,1,7,06,Pyrgus_sidae__Male
7,1,8,03,Gonepteryx_cleobule__Male
7,1,9,05,Brintesia_circe__Male
7,1,10,07,Papilio_alexanor__Female
7,2,1,09,Lycaena_tityrus__Female
7,2,2,04,Brintesia_circe__Male
7,2,3,05,Gonepteryx_cleobule__Male
7,2,4,06,Gonepteryx_cleobule__Male
7,2,5,01,Pyrgus_sidae__Male
7,2,6,08,Papilio_alexanor__Female
7,2,7,10,Pyrgus_sidae__Male
7,2,8,02,Lycaena_tityrus__Female
7,2,9,07,Brintesia_circe__Male
7,2,10,03,Papilio_alexanor__Female
7,3,1,03,Brintesia_circe__Male
7,3,2,09,Gonepteryx_cleobule__Male
7,3,3,07,Papilio_alexanor__Female
7,3,4,08,Pyrgus_sidae__Male
7,3,5,10,Brintesia_circe__Male
7,3,6,05,Lycaena_tityrus__Female
7,3,7,04,Gonepteryx_cleobule__Male
7,3,8,02,Lycaena_tityrus__Female
7,3,9,06,Pyrgus_sidae__Male
7,3,10,01,Papilio_alexanor__Female
8,1,1,03,Gonepteryx_cleobule__Male
8,1,2,07,Pyrgus_sidae__Male
8,1,3,04,Papilio_alexanor__Female
8,1,4,02,Brintesia_circe__Male
8,1,5,06,Brintesia_circe__Male
8,1,6,01,Lycaena_tityrus__Female
8,1,7,09,Lycaena_tityrus__Female
8,1,8,05,Pyrgus_sidae__Male
8,1,9,10,Gonepteryx_cleobule__Male
8,1,10,08,Papilio_alexanor__Female
8,2,1,04,Lycaena_tityrus__Female
8,2,2,02,Pyrgus_sidae__Male
8,2,3,09,Papilio_alexanor__Female
8,2,4,10,Papilio_alexanor__Female
8,2,5,03,Pyrgus_sidae__Male
8,2,6,01,Gonepteryx_cleobule__Male
8,2,7,07,Gonepteryx_cleobule__Male
8,2,8,06,Lycaena_tityrus__Female
8,2,9,08,Brintesia_circe__Male
8,2,10,05,Brintesia_circe__Male
8,3,1,01,Pyrgus_sidae__Male
8,3,2,03,Lycaena_tityrus__Female
8,3,3,04,Brintesia_circe__Male
8,3,4,08,Gonepteryx_cleobule__Male
8,3,5,06,Gonepteryx_cleobule__Male
8,3,6,10,Pyrgus_sidae__Male
8,3,7,09,Brintesia_circe__Male
8,3,8,02,Papilio_alexanor__Female
8,3,9,05,Papilio_alexanor__Female
8,3,10,07,Lycaena_tityrus__Female
9,1,1,08,Lycaena_tityrus__Female
9,1,2,07,Brintesia_circe__Male
9,1,3,10,Lycaena_tityrus__Female
9,1,4,01,Brintesia_circe__Male
9,1,5,05,Gonepteryx_cleobule__Male
9,1,6,03,Papilio_alexanor__Female
9,1,7,09,Pyrgus_sidae__Male
9,1,8,06,Papilio_alexanor__Female
9,1,9,04,Pyrgus_sidae__Male
9,1,10,02,Gonepteryx_cleobule__Male
9,2,1,01,Lycaena_tityrus__Female
9,2,2,04,Papilio_alexanor__Female
9,2,3,08,Lycaena_tityrus__Female
9,2,4,02,Brintesia_circe__Male
9,2,5,10,Gonepteryx_cleobule__Male
9,2,6,03,Papilio_alexanor__Female
9,2,7,06,Pyrgus_sidae__Male
9,2,8,05,Brintesia_circe__Male
9,2,9,09,Gonepteryx_cleobule__Male
9,2,10,07,Pyrgus_sidae__Male
9,3,1,06,Gonepteryx_cleobule__Male
9,3,2,08,Pyrgus_sidae__Male
9,3,3,07,Papilio_alexanor__Female
9,3,4,10,Pyrgus_sidae__Male
9,3,5,09,Brintesia_circe__Male
9,3,6,02,Papilio_alexanor__Female
9,3,7,05,Lycaena_tityrus__Female
9,3,8,01,Gonepteryx_cleobule__Male
9,3,9,04,Lycaena_tityrus__Female
9,3,10,03,Brintesia_circe__Male
10,1,1,06,Papilio_alexanor__Female
10,1,2,05,Papilio_alexanor__Female
10,1,3,10,Brintesia_circe__Male
10,1,4,08,Gonepteryx_cleobule__Male
10,1,5,04,Gonepteryx_cleobule__Male
10,1,6,03,Lycaena_tityrus__Female
10,1,7,01,Brintesia_circe__Male
10,1,8,02,Pyrgus_sidae__Male
10,1,9,07,Lycaena_tityrus__Female
10,1,10,09,Pyrgus_sidae__Male
10,2,1,10,Papilio_alexanor__Female
10,2,2,04,Brintesia_circe__Male
10,2,3,01,Pyrgus_sidae__Male
10,2,4,07,Gonepteryx_cleobule__Male
10,2,5,02,Lycaena_tityrus__Female
10,2,6,09,Papilio_alexanor__Female
10,2,7,05,Pyrgus_sidae__Male
10,2,8,06,Lycaena_tityrus__Female
10,2,9,03,Gonepteryx_cleobule__Male
10,2,10,08,Brintesia_circe__Male
10,3,1,02,Gonepteryx_cleobule__Male
10,3,2,09,Lycaena_tityrus__Female
10,3,3,04,Pyrgus_sidae__Male
10,3,4,08,Papilio_alexanor__Female
10,3,5,06,Brintesia_circe__Male
10,3,6,03,Pyrgus_sidae__Male
10,3,7,10,Lycaena_tityrus__Female
10,3,8,05,Gonepteryx_cleobule__Male
10,3,9,07,Brintesia_circe__Male
10,3,10,01,Papilio_alexanor__Female
11,1,1,03,Gonepteryx_cleobule__Male
11,1,2,05,Papilio_alexanor__Female
11,1,3,04,Papilio_alexanor__Female
11,1,4,09,Pyrgus_sidae__Male
11,1,5,08,Pyrgus_sidae__Male
11,1,6,01,Brintesia_circe__Male
11,1,7,07,Lycaena_tityrus__Female
11,1,8,02,Lycaena_tityrus__Female
11,1,9,10,Brintesia_circe__Male
11,1,10,06,Gonepteryx_cleobule__Male
11,2,1,01,Gonepteryx_cleobule__Male
11,2,2,03,Papilio_alexanor__Female
11,2,3,06,Brintesia_circe__Male
11,2,4,10,Pyrgus_sidae__Male
11,2,5,07,Pyrgus_sidae__Male
11,2,6,09,Lycaena_tityrus__Female
11,2,7,04,Brintesia_circe__Male
11,2,8,02,Gonepteryx_cleobule__Male
11,2,9,08,Papilio_alexanor__Female
11,2,10,05,Lycaena_tityrus__Female
11,3,1,08,Gonepteryx_cleobule__Male
11,3,2,01,Pyrgus_sidae__Male
11,3,3,06,Lycaena_tityrus__Female
11,3,4,07,Gonepteryx_cleobule__Male
11,3,5,10,Papilio_alexanor__Female
11,3,6,03,Brintesia_circe__Male
11,3,7,05,Pyrgus_sidae__Male
11,3,8,09,Papilio_alexanor__Female
11,3,9,04,Lycaena_tityrus__Female
11,3,10,02,Brintesia_circe__Male
12,1,1,10,Lycaena_tityrus__Female
12,1,2,03,Pyrgus_sidae__Male
12,1,3,08,Lycaena_tityrus__Female
12,1,4,05,Brintesia_circe__Male
12,1,5,01,Papilio_alexanor__Female
12,1,6,04,Gonepteryx_cleobule__Male
12,1,7,07,Brintesia_circe__Male
12,1,8,02,Papilio_alexanor__Female
12,1,9,06,Pyrgus_sidae__Male
12,1,10,09,Gonepteryx_cleobule__Male
12,2,1,05,Gonepteryx_cleobule__Male
12,2,2,09,Brintesia_circe__Male
12,2,3,02,Pyrgus_sidae__Male
12,2,4,08,Brintesia_circe__Male
12,2,5,10,Gonepteryx_cleobule__Male
12,2,6,03,Lycaena_tityrus__Female
12,2,7,01,Lycaena_tityrus__Female
12,2,8,07,Papilio_alexanor__Female
12,2,9,06,Papilio_alexanor__Female
12,2,10,04,Pyrgus_sidae__Male
12,3,1,01,Pyrgus_sidae__Male
12,3,2,02,Brintesia_circe__Male
12,3,3,04,Lycaena_tityrus__Female
12,3,4,09,Gonepteryx_cleobule__Male
12,3,5,08,Papilio_alexanor__Female
12,3,6,06,Brintesia_circe__Male
12,3,7,05,Lycaena_tityrus__Female
12,3,8,03,Pyrgus_sidae__Male
12,3,9,10,Papilio_alexanor__Female
12,3,10,07,Gonepteryx_cleobule__Male
13,1,1,08,Gonepteryx_cleobule__Male
13,1,2,01,Papilio_alexanor__Female
13,1,3,06,Lycaena_tityrus__Female
13,1,4,05,Brintesia_circe__Male
13,1,5,09,Pyrgus_sidae__Male
13,1,6,03,Papilio_alexanor__Female
13,1,7,04,Gonepteryx_cleobule__Male
13,1,8,07,Pyrgus_sidae__Male
13,1,9,02,Lycaena_tityrus__Female
13,1,10,10,Brintesia_circe__Male
13,2,1,05,Gonepteryx_cleobule__Male
13,2,2,02,Gonepteryx_cleobule__Male
13,2,3,09,Lycaena_tityrus__Female
13,2,4,03,Brintesia_circe__Male
13,2,5,08,Pyrgus_sidae__Male
13,2,6,10,Pyrgus_sidae__Male
13,2,7,06,Papilio_alexanor__Female
13,2,8,07,Papilio_alexanor__Female
13,2,9,04,Brintesia_circe__Male
13,2,10,01,Lycaena_tityrus__Female
13,3,1,06,Pyrgus_sidae__Male
13,3,2,04,Papilio_alexanor__Female
13,3,3,05,Pyrgus_sidae__Male
13,3,4,01,Gonepteryx_cleobule__Male
13,3,5,03,Lycaena_tityrus__Female
13,3,6,10,Gonepteryx_cleobule__Male
13,3,7,08,Lycaena_tityrus__Female
13,3,8,07,Brintesia_circe__Male
13,3,9,09,Brintesia_circe__Male
13,3,10,02,Papilio_alexanor__Female
14,1,1,09,Papilio_alexanor__Female
14,1,2,03,Gonepteryx_cleobule__Male
14,1,3,06,Gonepteryx_cleobule__Male
14,1,4,01,Brintesia_circe__Male
14,1,5,08,Brintesia_circe__Male
14,1,6,05,Papilio_alexanor__Female
14,1,7,10,Lycaena_tityrus__Female
14,1,8,07,Lycaena_tityrus__Female
14,1,9,02,Pyrgus_sidae__Male
14,1,10,04,Pyrgus_sidae__Male
14,2,1,02,Brintesia_circe__Male
14,2,2,10,Papilio_alexanor__Female
14,2,3,07,Gonepteryx_cleobule__Male
14,2,4,05,Papilio_alexanor__Female
14,2,5,03,Lycaena_tityrus__Female
14,2,6,08,Brintesia_circe__Male
14,2,7,09,Pyrgus_sidae__Male
14,2,8,01,Pyrgus_sidae__Male
14,2,9,04,Gonepteryx_cleobule__Male
14,2,10,06,Lycaena_tityrus__Female
14,3,1,08,Lycaena_tityrus__Female
14,3,2,04,Lycaena_tityrus__Female
14,3,3,02,Papilio_alexanor__Female
14,3,4,07,Pyrgus_sidae__Male
14,3,5,06,Papilio_alexanor__Female
14,3,6,05,Pyrgus_sidae__Male
14,3,7,09,Gonepteryx_cleobule__Male
14,3,8,01,Brintesia_circe__Male
14,3,9,03,Brintesia_circe__Male
14,3,10,10,Gonepteryx_cleobule__Male
15,1,1,08,Gonepteryx_cleobule__Male
15,1,2,01,Papilio_alexanor__Female
15,1,3,03,Gonepteryx_cleobule__Male
15,1,4,10,Lycaena_tityrus__Female
15,1,5,02,Pyrgus_sidae__Male
15,1,6,06,Pyrgus_sidae__Male
15,1,7,09,Brintesia_circe__Male
15,1,8,07,Brintesia_circe__Male
15,1,9,05,Lycaena_tityrus__Female
15,1,10,04,Papilio_alexanor__Female
15,2,1,09,Papilio_alexanor__Female
15,2,2,03,Papilio_alexanor__Female
15,2,3,02,Lycaena_tityrus__Female
15,2,4,01,Lycaena_tityrus__Female
15,2,5,07,Brintesia_circe__Male
15,2,6,04,Brintesia_circe__Male
15,2,7,06,Gonepteryx_cleobule__Male
15,2,8,05,Gonepteryx_cleobule__Male
15,2,9,08,Pyrgus_sidae__Male
15,2,10,10,Pyrgus_sidae__Male
15,3,1,08,Papilio_alexanor__Female
15,3,2,02,Gonepteryx_cleobule__Male
15,3,3,04,Pyrgus_sidae__Male
15,3,4,10,Brintesia_circe__Male
15,3,5,01,Gonepteryx_cleobule__Male
15,3,6,06,Brintesia_circe__Male
15,3,7,07,Lycaena_tityrus__Female
15,3,8,09,Lycaena_tityrus__Female
15,3,9,03,Pyrgus_sidae__Male
15,3,10,05,Papilio_alexanor__Female
16,1,1,10,Lycaena_tityrus__Female
16,1,2,03,Gonepteryx_cleobule__Male
16,1,3,08,Pyrgus_sidae__Male
16,1,4,01,Pyrgus_sidae__Male
16,1,5,06,Brintesia_circe__Male
16,1,6,09,Lycaena_tityrus__Female
16,1,7,05,Brintesia_circe__Male
16,1,8,02,Papilio_alexanor__Female
16,1,9,04,Gonepteryx_cleobule__Male
16,1,10,07,Papilio_alexanor__Female
16,2,1,03,Lycaena_tityrus__Female
16,2,2,01,Brintesia_circe__Male
16,2,3,10,Papilio_alexanor__Female
16,2,4,02,Lycaena_tityrus__Female
16,2,5,09,Brintesia_circe__Male
16,2,6,06,Pyrgus_sidae__Male
16,2,7,05,Gonepteryx_cleobule__Male
16,2,8,08,Papilio_alexanor__Female
16,2,9,04,Pyrgus_sidae__Male
16,2,10,07,Gonepteryx_cleobule__Male
16,3,1,09,Papilio_alexanor__Female
16,3,2,02,Gonepteryx_cleobule__Male
16,3,3,01,Lycaena_tityrus__Female
16,3,4,05,Brintesia_circe__Male
16,3,5,08,Gonepteryx_cleobule__Male
16,3,6,07,Lycaena_tityrus__Female
16,3,7,10,Pyrgus_sidae__Male
16,3,8,03,Pyrgus_sidae__Male
16,3,9,06,Papilio_alexanor__Female
16,3,10,04,Brintesia_circe__Male
17,1,1,05,Lycaena_tityrus__Female
17,1,2,06,Lycaena_tityrus__Female
17,1,3,08,Brintesia_circe__Male
17,1,4,07,Pyrgus_sidae__Male
17,1,5,10,Gonepteryx_cleobule__Male
17,1,6,03,Papilio_alexanor__Female
17,1,7,02,Brintesia_circe__Male
17,1,8,04,Papilio_alexanor__Female
17,1,9,09,Pyrgus_sidae__Male
17,1,10,01,Gonepteryx_cleobule__Male
17,2,1,08,Lycaena_tityrus__Female
17,2,2,02,Pyrgus_sidae__Male
17,2,3,01,Papilio_alexanor__Female
17,2,4,04,Lycaena_tityrus__Female
17,2,5,05,Pyrgus_sidae__Male
17,2,6,07,Papilio_alexanor__Female
17,2,7,06,Gonepteryx_cleobule__Male
17,2,8,03,Brintesia_circe__Male
17,2,9,09,Gonepteryx_cleobule__Male
17,2,10,10,Brintesia_circe__Male
17,3,1,09,Gonepteryx_cleobule__Male
17,3,2,07,Pyrgus_sidae__Male
17,3,3,06,Gonepteryx_cleobule__Male
17,3,4,08,Papilio_alexanor__Female
17,3,5,01,Papilio_alexanor__Female
17,3,6,05,Brintesia_circe__Male
17,3,7,10,Lycaena_tityrus__Female
17,3,8,03,Pyrgus_sidae__Male
17,3,9,04,Brintesia_circe__Male
17,3,10,02,Lycaena_tityrus__Female
18,1,1,06,Pyrgus_sidae__Male
18,1,2,03,Lycaena_tityrus__Female
18,1,3,05,Gonepteryx_cleobule__Male
18,1,4,01,Brintesia_circe__Male
18,1,5,02,Brintesia_circe__Male
18,1,6,08,Lycaena_tityrus__Female
18,1,7,09,Papilio_alexanor__Female
18,1,8,04,Pyrgus_sidae__Male
18,1,9,07,Papilio_alexanor__Female
18,1,10,10,Gonepteryx_cleobule__Male
18,2,1,01,Gonepteryx_cleobule__Male
18,2,2,03,Brintesia_circe__Male
18,2,3,08,Pyrgus_sidae__Male
18,2,4,10,Pyrgus_sidae__Male
18,2,5,02,Papilio_alexanor__Female
18,2,6,06,Lycaena_tityrus__Female
18,2,7,09,Lycaena_tityrus__Female
18,2,8,05,Papilio_alexanor__Female
18,2,9,04,Gonepteryx_cleobule__Male
18,2,10,07,Brintesia_circe__Male
18,3,1,02,Pyrgus_sidae__Male
18,3,2,03,Gonepteryx_cleobule__Male
18,3,3,07,Gonepteryx_cleobule__Male
18,3,4,08,Brintesia_circe__Male
18,3,5,10,Papilio_alexanor__Female
18,3,6,06,Papilio_alexanor__Female
18,3,7,05,Lycaena_tityrus__Female
18,3,8,01,Pyrgus_sidae__Male
18,3,9,04,Lycaena_tityrus__Female
18,3,10,09,Brintesia_circe__Male
19,1,1,04,Papilio_alexanor__Female
19,1,2,08,Gonepteryx_cleobule__Male
19,1,3,09,Pyrgus_sidae__Male
19,1,4,05,Pyrgus_sidae__Male
19,1,5,07,Lycaena_tityrus__Female
19,1,6,01,Lycaena_tityrus__Female
19,1,7,03,Papilio_alexanor__Female
19,1,8,06,Brintesia_circe__Male
19,1,9,10,Brintesia_circe__Male
19,1,10,02,Gonepteryx_cleobule__Male
19,2,1,03,Pyrgus_sidae__Male
19,2,2,01,Papilio_alexanor__Female
19,2,3,04,Brintesia_circe__Male
19,2,4,06,Gonepteryx_cleobule__Male
19,2,5,08,Papilio_alexanor__Female
19,2,6,02,Brintesia_circe__Male
19,2,7,09,Lycaena_tityrus__Female
19,2,8,07,Gonepteryx_cleobule__Male
19,2,9,10,Lycaena_tityrus__Female
19,2,10,05,Pyrgus_sidae__Male
19,3,1,02,Gonepteryx_cleobule__Male
19,3,2,10,Gonepteryx_cleobule__Male
19,3,3,05,Brintesia_circe__Male
19,3,4,01,Brintesia_circe__Male
19,3,5,08,Lycaena_tityrus__Female
19,3,6,07,Lycaena_tityrus__Female
19,3,7,04,Pyrgus_sidae__Male
19,3,8,09,Papilio_alexanor__Female
19,3,9,06,Pyrgus_sidae__Male
19,3,10,03,Papilio_alexanor__Female
20,1,1,01,Gonepteryx_cleobule__Male
20,1,2,10,Papilio_alexanor__Female
20,1,3,03,Lycaena_tityrus__Female
20,1,4,05,Gonepteryx_cleobule__Male
20,1,5,02,Pyrgus_sidae__Male
20,1,6,09,Pyrgus_sidae__Male
20,1,7,04,Papilio_alexanor__Female
20,1,8,07,Brintesia_circe__Male
20,1,9,08,Brintesia_circe__Male
20,1,10,06,Lycaena_tityrus__Female
20,2,1,10,Pyrgus_sidae__Male
20,2,2,02,Lycaena_tityrus__Female
20,2,3,03,Brintesia_circe__Male
20,2,4,05,Papilio_alexanor__Female
20,2,5,04,Lycaena_tityrus__Female
20,2,6,01,Pyrgus_sidae__Male
20,2,7,09,Gonepteryx_cleobule__Male
20,2,8,07,Papilio_alexanor__Female
20,2,9,08,Gonepteryx_cleobule__Male
20,2,10,06,Brintesia_circe__Male
20,3,1,03,Gonepteryx_cleobule__Male
20,3,2,06,Papilio_alexanor__Female
20,3,3,09,Brintesia_circe__Male
20,3,4,04,Gonepteryx_cleobule__Male
20,3,5,02,Papilio_alexanor__Female
20,3,6,01,Lycaena_tityrus__Female
20,3,7,10,Brintesia_circe__Male
20,3,8,07,Pyrgus_sidae__Male
20,3,9,05,Lycaena_tityrus__Female
20,3,10,08,Pyrgus_sidae__Male
21,1,1,05,Lycaena_tityrus__Female
21,1,2,07,Gonepteryx_cleobule__Male
21,1,3,09,Pyrgus_sidae__Male
21,1,4,06,Brintesia_circe__Male
21,1,5,04,Lycaena_tityrus__Female
21,1,6,02,Papilio_alexanor__Female
21,1,7,01,Brintesia_circe__Male
21,1,8,03,Gonepteryx_cleobule__Male
21,1,9,08,Pyrgus_sidae__Male
21,1,10,10,Papilio_alexanor__Female
21,2,1,09,Papilio_alexanor__Female
21,2,2,07,Pyrgus_sidae__Male
21,2,3,01,Gonepteryx_cleobule__Male
21,2,4,06,Gonepteryx_cleobule__Male
21,2,5,02,Pyrgus_sidae__Male
21,2,6,05,Brintesia_circe__Male
21,2,7,03,Papilio_alexanor__Female
21,2,8,04,Brintesia_circe__Male
21,2,9,10,Lycaena_tityrus__Female
21,2,10,08,Lycaena_tityrus__Female
21,3,1,02,Brintesia_circe__Male
21,3,2,03,Pyrgus_sidae__Male
21,3,3,01,Papilio_alexanor__Female
21,3,4,10,Pyrgus_sidae__Male
21,3,5,07,Papilio_alexanor__Female
21,3,6,09,Lycaena_tityrus__Female
21,3,7,06,Lycaena_tityrus__Female
21,3,8,08,Brintesia_circe__Male
21,3,9,05,Gonepteryx_cleobule__Male
21,3,10,04,Gonepteryx_cleobule__Male
22,1,1,09,Gonepteryx_cleobule__Male
22,1,2,01,Lycaena_tityrus__Female
22,1,3,05,Papilio_alexanor__Female
22,1,4,08,Papilio_alexanor__Female
22,1,5,04,Pyrgus_sidae__Male
22,1,6,06,Pyrgus_sidae__Male
22,1,7,07,Lycaena_tityrus__Female
22,1,8,03,Brintesia_circe__Male
22,1,9,02,Gonepteryx_cleobule__Male
22,1,10,10,Brintesia_circe__Male
22,2,1,04,Papilio_alexanor__Female
22,2,2,08,Gonepteryx_cleobule__Male
22,2,3,09,Brintesia_circe__Male
22,2,4,07,Brintesia_circe__Male
22,2,5,06,Papilio_alexanor__Female
22,2,6,02,Lycaena_tityrus__Female
22,2,7,03,Lycaena_tityrus__Female
22,2,8,05,Pyrgus_sidae__Male
22,2,9,01,Pyrgus_sidae__Male
22,2,10,10,Gonepteryx_cleobule__Male
22,3,1,02,Brintesia_circe__Male
22,3,2,05,Gonepteryx_cleobule__Male
22,3,3,06,Lycaena_tityrus__Female
22,3,4,09,Brintesia_circe__Male
22,3,5,01,Lycaena_tityrus__Female
22,3,6,03,Pyrgus_sidae__Male
22,3,7,08,Papilio_alexanor__Female
22,3,8,10,Papilio_alexanor__Female
22,3,9,07,Pyrgus_sidae__Male
22,3,10,04,Gonepteryx_cleobule__Male
23,1,1,06,Pyrgus_sidae__Male
23,1,2,10,Lycaena_tityrus__Female
23,1,3,04,Brintesia_circe__Male
23,1,4,08,Lycaena_tityrus__Female
23,1,5,05,Pyrgus_sidae__Male
23,1,6,09,Gonepteryx_cleobule__Male
23,1,7,01,Papilio_alexanor__Female
23,1,8,03,Gonepteryx_cleobule__Male
23,1,9,02,Papilio_alexanor__Female
23,1,10,07,Brintesia_circe__Male
23,2,1,04,Lycaena_tityrus__Female
23,2,2,09,Papilio_alexanor__Female
23,2,3,03,Brintesia_circe__Male
23,2,4,07,Gonepteryx_cleobule__Male
23,2,5,05,Lycaena_tityrus__Female
23,2,6,01,Gonepteryx_cleobule__Male
23,2,7,02,Pyrgus_sidae__Male
23,2,8,10,Brintesia_circe__Male
23,2,9,06,Papilio_alexanor__Female
23,2,10,08,Pyrgus_sidae__Male
23,3,1,03,Lycaena_tityrus__Female
23,3,2,04,Papilio_alexanor__Female
23,3,3,07,Lycaena_tityrus__Female
23,3,4,01,Brintesia_circe__Male
23,3,5,06,Gonepteryx_cleobule__Male
23,3,6,08,Brintesia_circe__Male
23,3,7,09,Pyrgus_sidae__Male
23,3,8,05,Papilio_alexanor__Female
23,3,9,02,Gonepteryx_cleobule__Male
23,3,10,10,Pyrgus_sidae__Male
24,1,1,06,Brintesia_circe__Male
24,1,2,09,Lycaena_tityrus__Female
24,1,3,03,Papilio_alexanor__Female
24,1,4,08,Gonepteryx_cleobule__Male
24,1,5,01,Pyrgus_sidae__Male
24,1,6,02,Lycaena_tityrus__Female
24,1,7,07,Papilio_alexanor__Female
24,1,8,05,Brintesia_circe__Male
24,1,9,10,Gonepteryx_cleobule__Male
24,1,10,04,Pyrgus_sidae__Male
24,2,1,09,Pyrgus_sidae__Male
24,2,2,10,Pyrgus_sidae__Male
24,2,3,08,Gonepteryx_cleobule__Male
24,2,4,02,Brintesia_circe__Male
24,2,5,04,Brintesia_circe__Male
24,2,6,01,Lycaena_tityrus__Female
24,2,7,05,Gonepteryx_cleobule__Male
24,2,8,03,Lycaena_tityrus__Female
24,2,9,07,Papilio_alexanor__Female
24,2,10,06,Papilio_alexanor__Female
24,3,1,01,Papilio_alexanor__Female
24,3,2,03,Brintesia_circe__Male
24,3,3,08,Pyrgus_sidae__Male
24,3,4,04,Gonepteryx_cleobule__Male
24,3,5,02,Papilio_alexanor__Female
24,3,6,05,Brintesia_circe__Male
24,3,7,07,Lycaena_tityrus__Female
24,3,8,09,Lycaena_tityrus__Female
24,3,9,10,Gonepteryx_cleobule__Male
24,3,10,06,Pyrgus_sidae__Male
25,1,1,05,Lycaena_tityrus__Female
25,1,2,10,Brintesia_circe__Male
25,1,3,08,Lycaena_tityrus__Female
25,1,4,01,Pyrgus_sidae__Male
25,1,5,09,Papilio_alexanor__Female
25,1,6,07,Brintesia_circe__Male
25,1,7,06,Gonepteryx_cleobule__Male
25,1,8,03,Pyrgus_sidae__Male
25,1,9,02,Gonepteryx_cleobule__Male
25,1,10,04,Papilio_alexanor__Female
25,2,1,04,Lycaena_tityrus__Female
25,2,2,08,Brintesia_circe__Male
25,2,3,10,Lycaena_tityrus__Female
25,2,4,07,Pyrgus_sidae__Male
25,2,5,06,Brintesia_circe__Male
25,2,6,05,Papilio_alexanor__Female
25,2,7,09,Gonepteryx_cleobule__Male
25,2,8,01,Gonepteryx_cleobule__Male
25,2,9,02,Pyrgus_sidae__Male
25,2,10,03,Papilio_alexanor__Female
25,3,1,02,Lycaena_tityrus__Female
25,3,2,06,Lycaena_tityrus__Female
25,3,3,10,Papilio_alexanor__Female
25,3,4,09,Brintesia_circe__Male
25,3,5,01,Brintesia_circe__Male
25,3,6,04,Pyrgus_sidae__Male
25,3,7,07,Gonepteryx_cleobule__Male
25,3,8,08,Papilio_alexanor__Female
25,3,9,03,Gonepteryx_cleobule__Male
25,3,10,05,Pyrgus_sidae__Male
26,1,1,05,Papilio_alexanor__Female
26,1,2,01,Papilio_alexanor__Female
26,1,3,09,Lycaena_tityrus__Female
26,1,4,10,Gonepteryx_cleobule__Male
26,1,5,04,Brintesia_circe__Male
26,1,6,07,Brintesia_circe__Male
26,1,7,06,Gonepteryx_cleobule__Male
26,1,8,02,Pyrgus_sidae__Male
26,1,9,03,Pyrgus_sidae__Male
26,1,10,08,Lycaena_tityrus__Female
26,2,1,08,Pyrgus_sidae__Male
26,2,2,10,Pyrgus_sidae__Male
26,2,3,07,Papilio_alexanor__Female
26,2,4,09,Gonepteryx_cleobule__Male
26,2,5,01,Gonepteryx_cleobule__Male
26,2,6,04,Lycaena_tityrus__Female
26,2,7,05,Brintesia_circe__Male
26,2,8,06,Brintesia_circe__Male
26,2,9,03,Lycaena_tityrus__Female
26,2,10,02,Papilio_alexanor__Female
26,3,1,04,Gonepteryx_cleobule__Male
26,3,2,09,Papilio_alexanor__Female
26,3,3,01,Brintesia_circe__Male
26,3,4,03,Papilio_alexanor__Female
26,3,5,08,Gonepteryx_cleobule__Male
26,3,6,05,Pyrgus_sidae__Male
26,3,7,02,Brintesia_circe__Male
26,3,8,10,Lycaena_tityrus__Female
26,3,9,07,Lycaena_tityrus__Female
26,3,10,06,Pyrgus_sidae__Male
27,1,1,06,Lycaena_tityrus__Female
27,1,2,09,Brintesia_circe__Male
27,1,3,05,Gonepteryx_cleobule__Male
27,1,4,03,Brintesia_circe__Male
27,1,5,01,Pyrgus_sidae__Male
27,1,6,10,Papilio_alexanor__Female
27,1,7,08,Lycaena_tityrus__Female
27,1,8,04,Papilio_alexanor__Female
27,1,9,02,Gonepteryx_cleobule__Male
27,1,10,07,Pyrgus_sidae__Male
27,2,1,03,Gonepteryx_cleobule__Male
27,2,2,06,Papilio_alexanor__Female
27,2,3,04,Pyrgus_sidae__Male
27,2,4,02,Lycaena_tityrus__Female
27,2,5,01,Lycaena_tityrus__Female
27,2,6,05,Brintesia_circe__Male
27,2,7,10,Brintesia_circe__Male
27,2,8,07,Gonepteryx_cleobule__Male
27,2,9,08,Papilio_alexanor__Female
27,2,10,09,Pyrgus_sidae__Male
27,3,1,01,Gonepteryx_cleobule__Male
27,3,2,09,Papilio_alexanor__Female
27,3,3,10,Papilio_alexanor__Female
27,3,4,05,Lycaena_tityrus__Female
27,3,5,07,Lycaena_tityrus__Female
27,3,6,02,Pyrgus_sidae__Male
27,3,7,03,Brintesia_circe__Male
27,3,8,04,Gonepteryx_cleobule__Male
27,3,9,06,Pyrgus_sidae__Male
27,3,10,08,Brintesia_circe__Male
28,1,1,07,Pyrgus_sidae__Male
28,1,2,09,Brintesia_circe__Male
28,1,3,05,Papilio_alexanor__Female
28,1,4,10,Pyrgus_sidae__Male
28,1,5,04,Lycaena_tityrus__Female
28,1,6,03,Lycaena_tityrus__Female
28,1,7,01,Brintesia_circe__Male
28,1,8,08,Gonepteryx_cleobule__Male
28,1,9,02,Papilio_alexanor__Female
28,1,10,06,Gonepteryx_cleobule__Male
28,2,1,02,Gonepteryx_cleobule__Male
28,2,2,03,Papilio_alexanor__Female
28,2,3,07,Brintesia_circe__Male
28,2,4,08,Pyrgus_sidae__Male
28,2,5,01,Lycaena_tityrus__Female
28,2,6,10,Brintesia_circe__Male
28,2,7,09,Pyrgus_sidae__Male
28,2,8,05,Gonepteryx_cleobule__Male
28,2,9,04,Papilio_alexanor__Female
28,2,10,06,Lycaena_tityrus__Female
28,3,1,07,Papilio_alexanor__Female
28,3,2,03,Pyrgus_sidae__Male
28,3,3,02,Lycaena_tityrus__Female
28,3,4,06,Papilio_alexanor__Female
28,3,5,01,Pyrgus_sidae__Male
28,3,6,09,Gonepteryx_cleobule__Male
28,3,7,10,Gonepteryx_cleobule__Male
28,3,8,04,Brintesia_circe__Male
28,3,9,08,Brintesia_circe__Male
28,3,10,05,Lycaena_tityrus__Female
29,1,1,07,Gonepteryx_cleobule__Male
29,1,2,01,Papilio_alexanor__Female
29,1,3,03,Gonepteryx_cleobule__Male
29,1,4,05,Pyrgus_sidae__Male
29,1,5,02,Brintesia_circe__Male
29,1,6,04,Pyrgus_sidae__Male
29,1,7,08,Papilio_alexanor__Female
29,1,8,06,Brintesia_circe__Male
29,1,9,09,Lycaena_tityrus__Female
29,1,10,10,Lycaena_tityrus__Female
29,2,1,05,Gonepteryx_cleobule__Male
29,2,2,01,Brintesia_circe__Male
29,2,3,09,Brintesia_circe__Male
29,2,4,10,Pyrgus_sidae__Male
29,2,5,08,Lycaena_tityrus__Female
29,2,6,07,Pyrgus_sidae__Male
29,2,7,03,Papilio_alexanor__Female
29,2,8,06,Papilio_alexanor__Female
29,2,9,02,Gonepteryx_cleobule__Male
29,2,10,04,Lycaena_tityrus__Female
29,3,1,02,Lycaena_tityrus__Female
29,3,2,08,Brintesia_circe__Male
29,3,3,06,Pyrgus_sidae__Male
29,3,4,10,Gonepteryx_cleobule__Male
29,3,5,05,Papilio_alexanor__Female
29,3,6,07,Lycaena_tityrus__Female
29,3,7,09,Gonepteryx_cleobule__Male
29,3,8,04,Pyrgus_sidae__Male
29,3,9,03,Brintesia_circe__Male
29,3,10,01,Papilio_alexanor__Female
30,1,1,06,Lycaena_tityrus__Female
30,1,2,02,Brintesia_circe__Male
30,1,3,09,Papilio_alexanor__Female
30,1,4,04,Papilio_alexanor__Female
30,1,5,05,Pyrgus_sidae__Male
30,1,6,03,Gonepteryx_cleobule__Male
30,1,7,07,Brintesia_circe__Male
30,1,8,08,Pyrgus_sidae__Male
30,1,9,10,Lycaena_tityrus__Female
30,1,10,01,Gonepteryx_cleobule__Male
30,2,1,09,Lycaena_tityrus__Female
30,2,2,03,Pyrgus_sidae__Male
30,2,3,07,Gonepteryx_cleobule__Male
30,2,4,08,Gonepteryx_cleobule__Male
30,2,5,06,Brintesia_circe__Male
30,2,6,01,Pyrgus_sidae__Male
30,2,7,05,Lycaena_tityrus__Female
30,2,8,04,Brintesia_circe__Male
30,2,9,10,Papilio_alexanor__Female
30,2,10,02,Papilio_alexanor__Female
30,3,1,09,Pyrgus_sidae__Male
30,3,2,03,Lycaena_tityrus__Female
30,3,3,04,Gonepteryx_cleobule__Male
30,3,4,07,Papilio_alexanor__Female
30,3,5,08,Papilio_alexanor__Female
30,3,6,02,Pyrgus_sidae__Male
30,3,7,05,Brintesia_circe__Male
30,3,8,10,Brintesia_circe__Male
30,3,9,01,Lycaena_tityrus__Female
30,3,10,06,Gonepteryx_cleobule__Male
31,1,1,07,Lycaena_tityrus__Female
31,1,2,09,Pyrgus_sidae__Male
31,1,3,02,Lycaena_tityrus__Female
31,1,4,10,Gonepteryx_cleobule__Male
31,1,5,03,Papilio_alexanor__Female
31,1,6,08,Gonepteryx_cleobule__Male
31,1,7,05,Papilio_alexanor__Female
31,1,8,06,Brintesia_circe__Male
31,1,9,04,Brintesia_circe__Male
31,1,10,01,Pyrgus_sidae__Male
31,2,1,04,Gonepteryx_cleobule__Male
31,2,2,06,Lycaena_tityrus__Female
31,2,3,09,Brintesia_circe__Male
31,2,4,01,Papilio_alexanor__Female
31,2,5,07,Gonepteryx_cleobule__Male
31,2,6,08,Papilio_alexanor__Female
31,2,7,02,Brintesia_circe__Male
31,2,8,05,Pyrgus_sidae__Male
31,2,9,10,Pyrgus_sidae__Male
31,2,10,03,Lycaena_tityrus__Female
31,3,1,10,Brintesia_circe__Male
31,3,2,07,Pyrgus_sidae__Male
31,3,3,06,Papilio_alexanor__Female
31,3,4,01,Lycaena_tityrus__Female
31,3,5,05,Gonepteryx_cleobule__Male
31,3,6,02,Papilio_alexanor__Female
31,3,7,09,Gonepteryx_cleobule__Male
31,3,8,04,Lycaena_tityrus__Female
31,3,9,03,Brintesia_circe__Male
31,3,10,08,Pyrgus_sidae__Male
32,1,1,05,Lycaena_tityrus__Female
32,1,2,03,Gonepteryx_cleobule__Male
32,1,3,08,Lycaena_tityrus__Female
32,1,4,01,Brintesia_circe__Male
32,1,5,09,Papilio_alexanor__Female
32,1,6,10,Papilio_alexanor__Female
32,1,7,06,Pyrgus_sidae__Male
32,1,8,07,Brintesia_circe__Male
32,1,9,02,Gonepteryx_cleobule__Male
32,1,10,04,Pyrgus_sidae__Male
32,2,1,10,Lycaena_tityrus__Female
32,2,2,02,Pyrgus_sidae__Male
32,2,3,07,Papilio_alexanor__Female
32,2,4,03,Pyrgus_sidae__Male
32,2,5,05,Brintesia_circe__Male
32,2,6,08,Brintesia_circe__Male
32,2,7,06,Gonepteryx_cleobule__Male
32,2,8,04,Papilio_alexanor__Female
32,2,9,09,Lycaena_tityrus__Female
32,2,10,01,Gonepteryx_cleobule__Male
32,3,1,10,Brintesia_circe__Male
32,3,2,01,Gonepteryx_cleobule__Male
32,3,3,09,Brintesia_circe__Male
32,3,4,08,Gonepteryx_cleobule__Male
32,3,5,02,Pyrgus_sidae__Male
32,3,6,05,Papilio_alexanor__Female
32,3,7,06,Lycaena_tityrus__Female
32,3,8,07,Papilio_alexanor__Female
32,3,9,04,Pyrgus_sidae__Male
32,3,10,03,Lycaena_tityrus__Female
33,1,1,06,Brintesia_circe__Male
33,1,2,08,Lycaena_tityrus__Female
33,1,3,04,Papilio_alexanor__Female
33,1,4,05,Lycaena_tityrus__Female
33,1,5,03,Gonepteryx_cleobule__Male
33,1,6,10,Pyrgus_sidae__Male
33,1,7,02,Brintesia_circe__Male
33,1,8,09,Gonepteryx_cleobule__Male
33,1,9,01,Papilio_alexanor__Female
33,1,10,07,Pyrgus_sidae__Male
33,2,1,02,Lycaena_tityrus__Female
33,2,2,07,Brintesia_circe__Male
33,2,3,06,Gonepteryx_cleobule__Male
33,2,4,04,Gonepteryx_cleobule__Male
33,2,5,03,Brintesia_circe__Male
33,2,6,05,Pyrgus_sidae__Male
33,2,7,01,Pyrgus_sidae__Male
33,2,8,08,Papilio_alexanor__Female
33,2,9,09,Papilio_alexanor__Female
33,2,10,10,Lycaena_tityrus__Female
33,3,1,09,Lycaena_tityrus__Female
33,3,2,05,Gonepteryx_cleobule__Male
33,3,3,08,Brintesia_circe__Male
33,3,4,07,Gonepteryx_cleobule__Male
33,3,5,10,Papilio_alexanor__Female
33,3,6,03,Pyrgus_sidae__Male
33,3,7,01,Brintesia_circe__Male
33,3,8,02,Papilio_alexanor__Female
33,3,9,04,Lycaena_tityrus__Female
33,3,10,06,Pyrgus_sidae__Male
34,1,1,10,Gonepteryx_cleobule__Male
34,1,2,01,Lycaena_tityrus__Female
34,1,3,08,Pyrgus_sidae__Male
34,1,4,09,Pyrgus_sidae__Male
34,1,5,06,Papilio_alexanor__Female
34,1,6,05,Brintesia_circe__Male
34,1,7,02,Gonepteryx_cleobule__Male
34,1,8,07,Lycaena_tityrus__Female
34,1,9,04,Brintesia_circe__Male
34,1,10,03,Papilio_alexanor__Female
34,2,1,08,Gonepteryx_cleobule__Male
34,2,2,04,Pyrgus_sidae__Male
34,2,3,05,Gonepteryx_cleobule__Male
34,2,4,10,Lycaena_tityrus__Female
34,2,5,09,Papilio_alexanor__Female
34,2,6,06,Lycaena_tityrus__Female
34,2,7,01,Papilio_alexanor__Female
34,2,8,03,Brintesia_circe__Male
34,2,9,02,Brintesia_circe__Male
34,2,10,07,Pyrgus_sidae__Male
34,3,1,10,Pyrgus_sidae__Male
34,3,2,09,Gonepteryx_cleobule__Male
34,3,3,05,Brintesia_circe__Male
34,3,4,08,Papilio_alexanor__Female
34,3,5,06,Gonepteryx_cleobule__Male
34,3,6,07,Papilio_alexanor__Female
34,3,7,02,Lycaena_tityrus__Female
34,3,8,03,Pyrgus_sidae__Male
34,3,9,01,Lycaena_tityrus__Female
34,3,10,04,Brintesia_circe__Male
35,1,1,05,Lycaena_tityrus__Female
35,1,2,06,Pyrgus_sidae__Male
35,1,3,08,Brintesia_circe__Male
35,1,4,07,Gonepteryx_cleobule__Male
35,1,5,01,Pyrgus_sidae__Male
35,1,6,02,Papilio_alexanor__Female
35,1,7,09,Brintesia_circe__Male
35,1,8,03,Gonepteryx_cleobule__Male
35,1,9,10,Papilio_alexanor__Female
35,1,10,04,Lycaena_tityrus__Female
35,2,1,06,Papilio_alexanor__Female
35,2,2,01,Brintesia_circe__Male
35,2,3,04,Gonepteryx_cleobule__Male
35,2,4,10,Brintesia_circe__Male
35,2,5,02,Pyrgus_sidae__Male
35,2,6,05,Papilio_alexanor__Female
35,2,7,08,Lycaena_tityrus__Female
35,2,8,09,Pyrgus_sidae__Male
35,2,9,07,Lycaena_tityrus__Female
35,2,10,03,Gonepteryx_cleobule__Male
35,3,1,03,Papilio_alexanor__Female
35,3,2,07,Brintesia_circe__Male
35,3,3,05,Pyrgus_sidae__Male
35,3,4,04,Papilio_alexanor__Female
35,3,5,10,Gonepteryx_cleobule__Male
35,3,6,02,Gonepteryx_cleobule__Male
35,3,7,09,Lycaena_tityrus__Female
35,3,8,01,Lycaena_tityrus__Female
35,3,9,06,Brintesia_circe__Male
35,3,10,08,Pyrgus_sidae__Male
36,1,1,06,Brintesia_circe__Male
36,1,2,10,Papilio_alexanor__Female
36,1,3,09,Papilio_alexanor__Female
36,1,4,01,Gonepteryx_cleobule__Male
36,1,5,02,Pyrgus_sidae__Male
36,1,6,05,Lycaena_tityrus__Female
36,1,7,03,Lycaena_tityrus__Female
36,1,8,08,Pyrgus_sidae__Male
36,1,9,04,Gonepteryx_cleobule__Male
36,1,10,07,Brintesia_circe__Male
36,2,1,02,Brintesia_circe__Male
36,2,2,05,Papilio_alexanor__Female
36,2,3,01,Pyrgus_sidae__Male
36,2,4,06,Lycaena_tityrus__Female
36,2,5,10,Lycaena_tityrus__Female
36,2,6,03,Pyrgus_sidae__Male
36,2,7,09,Gonepteryx_cleobule__Male
36,2,8,04,Papilio_alexanor__Female
36,2,9,08,Brintesia_circe__Male
36,2,10,07,Gonepteryx_cleobule__Male
36,3,1,07,Lycaena_tityrus__Female
36,3,2,10,Gonepteryx_cleobule__Male
36,3,3,08,Lycaena_tityrus__Female
36,3,4,09,Pyrgus_sidae__Male
36,3,5,06,Papilio_alexanor__Female
36,3,6,03,Brintesia_circe__Male
36,3,7,01,Brintesia_circe__Male
36,3,8,05,Gonepteryx_cleobule__Male
36,3,9,04,Pyrgus_sidae__Male
36,3,10,02,Papilio_alexanor__Female
37,1,1,02,Lycaena_tityrus__Female
37,1,2,05,Pyrgus_sidae__Male
37,1,3,10,Pyrgus_sidae__Male
37,1,4,01,Gonepteryx_cleobule__Male
37,1,5,06,Gonepteryx_cleobule__Male
37,1,6,03,Papilio_alexanor__Female
37,1,7,07,Papilio_alexanor__Female
37,1,8,08,Brintesia_circe__Male
37,1,9,04,Brintesia_circe__Male
37,1,10,09,Lycaena_tityrus__Female
37,2,1,09,Brintesia_circe__Male
37,2,2,03,Lycaena_tityrus__Female
37,2,3,06,Pyrgus_sidae__Male
37,2,4,10,Brintesia_circe__Male
37,2,5,05,Gonepteryx_cleobule__Male
37,2,6,01,Papilio_alexanor__Female
37,2,7,08,Papilio_alexanor__Female
37,2,8,07,Pyrgus_sidae__Male
37,2,9,02,Gonepteryx_cleobule__Male
37,2,10,04,Lycaena_tityrus__Female
37,3,1,08,Gonepteryx_cleobule__Male
37,3,2,04,Gonepteryx_cleobule__Male
37,3,3,06,Lycaena_tityrus__Female
37,3,4,02,Papilio_alexanor__Female
37,3,5,09,Pyrgus_sidae__Male
37,3,6,03,Papilio_alexanor__Female
37,3,7,01,Pyrgus_sidae__Male
37,3,8,10,Brintesia_circe__Male
37,3,9,07,Lycaena_tityrus__Female
37,3,10,05,Brintesia_circe__Male
38,1,1,09,Papilio_alexanor__Female
38,1,2,06,Pyrgus_sidae__Male
38,1,3,02,Pyrgus_sidae__Male
38,1,4,07,Gonepteryx_cleobule__Male
38,1,5,08,Lycaena_tityrus__Female
38,1,6,04,Brintesia_circe__Male
38,1,7,05,Papilio_alexanor__Female
38,1,8,10,Lycaena_tityrus__Female
38,1,9,03,Gonepteryx_cleobule__Male
38,1,10,01,Brintesia_circe__Male
38,2,1,03,Pyrgus_sidae__Male
38,2,2,04,Lycaena_tityrus__Female
38,2,3,05,Brintesia_circe__Male
38,2,4,10,Gonepteryx_cleobule__Male
38,2,5,02,Gonepteryx_cleobule__Male
38,2,6,06,Papilio_alexanor__Female
38,2,7,07,Papilio_alexanor__Female
38,2,8,01,Lycaena_tityrus__Female
38,2,9,08,Pyrgus_sidae__Male
38,2,10,09,Brintesia_circe__Male
38,3,1,10,Pyrgus_sidae__Male
38,3,2,06,Brintesia_circe__Male
38,3,3,09,Gonepteryx_cleobule__Male
38,3,4,03,Lycaena_tityrus__Female
38,3,5,07,Pyrgus_sidae__Male
38,3,6,05,Lycaena_tityrus__Female
38,3,7,08,Gonepteryx_cleobule__Male
38,3,8,02,Brintesia_circe__Male
38,3,9,04,Papilio_alexanor__Female
38,3,10,01,Papilio_alexanor__Female
39,1,1,09,Lycaena_tityrus__Female
39,1,2,08,Papilio_alexanor__Female
39,1,3,01,Gonepteryx_cleobule__Male
39,1,4,04,Pyrgus_sidae__Male
39,1,5,03,Brintesia_circe__Male
39,1,6,10,Papilio_alexanor__Female
39,1,7,02,Lycaena_tityrus__Female
39,1,8,05,Pyrgus_sidae__Male
39,1,9,07,Brintesia_circe__Male
39,1,10,06,Gonepteryx_cleobule__Male
39,2,1,01,Lycaena_tityrus__Female
39,2,2,09,Gonepteryx_cleobule__Male
39,2,3,06,Papilio_alexanor__Female
39,2,4,02,Lycaena_tityrus__Female
39,2,5,04,Gonepteryx_cleobule__Male
39,2,6,10,Brintesia_circe__Male
39,2,7,05,Pyrgus_sidae__Male
39,2,8,08,Pyrgus_sidae__Male
39,2,9,03,Papilio_alexanor__Female
39,2,10,07,Brintesia_circe__Male
39,3,1,10,Gonepteryx_cleobule__Male
39,3,2,02,Pyrgus_sidae__Male
39,3,3,08,Papilio_alexanor__Female
39,3,4,04,Lycaena_tityrus__Female
39,3,5,06,Brintesia_circe__Male
39,3,6,05,Gonepteryx_cleobule__Male
39,3,7,01,Papilio_alexanor__Female
39,3,8,09,Lycaena_tityrus__Female
39,3,9,07,Pyrgus_sidae__Male
39,3,10,03,Brintesia_circe__Male
40,1,1,04,Pyrgus_sidae__Male
40,1,2,08,Brintesia_circe__Male
40,1,3,02,Papilio_alexanor__Female
40,1,4,06,Gonepteryx_cleobule__Male
40,1,5,10,Lycaena_tityrus__Female
40,1,6,01,Gonepteryx_cleobule__Male
40,1,7,07,Papilio_alexanor__Female
40,1,8,09,Pyrgus_sidae__Male
40,1,9,05,Brintesia_circe__Male
40,1,10,03,Lycaena_tityrus__Female
40,2,1,10,Papilio_alexanor__Female
40,2,2,07,Lycaena_tityrus__Female
40,2,3,02,Gonepteryx_cleobule__Male
40,2,4,03,Gonepteryx_cleobule__Male
40,2,5,08,Lycaena_tityrus__Female
40,2,6,05,Papilio_alexanor__Female
40,2,7,09,Brintesia_circe__Male
40,2,8,06,Pyrgus_sidae__Male
40,2,9,04,Brintesia_circe__Male
40,2,10,01,Pyrgus_sidae__Male
40,3,1,01,Brintesia_circe__Male
40,3,2,05,Lycaena_tityrus__Female
40,3,3,09,Papilio_alexanor__Female
40,3,4,04,Papilio_alexanor__Female
40,3,5,06,Lycaena_tityrus__Female
40,3,6,07,Gonepteryx_cleobule__Male
40,3,7,03,Pyrgus_sidae__Male
40,3,8,10,Pyrgus_sidae__Male
40,3,9,08,Gonepteryx_cleobule__Male
40,3,10,02,Brintesia_circe__Male
41,1,1,03,Papilio_alexanor__Female
41,1,2,10,Gonepteryx_cleobule__Male
41,1,3,09,Gonepteryx_cleobule__Male
41,1,4,06,Pyrgus_sidae__Male
41,1,5,02,Lycaena_tityrus__Female
41,1,6,05,Lycaena_tityrus__Female
41,1,7,04,Brintesia_circe__Male
41,1,8,01,Pyrgus_sidae__Male
41,1,9,08,Papilio_alexanor__Female
41,1,10,07,Brintesia_circe__Male
41,2,1,01,Brintesia_circe__Male
41,2,2,02,Pyrgus_sidae__Male
41,2,3,07,Pyrgus_sidae__Male
41,2,4,10,Lycaena_tityrus__Female
41,2,5,03,Gonepteryx_cleobule__Male
41,2,6,04,Papilio_alexanor__Female
41,2,7,08,Gonepteryx_cleobule__Male
41,2,8,05,Brintesia_circe__Male
41,2,9,09,Papilio_alexanor__Female
41,2,10,06,Lycaena_tityrus__Female
41,3,1,01,Papilio_alexanor__Female
41,3,2,02,Papilio_alexanor__Female
41,3,3,08,Lycaena_tityrus__Female
41,3,4,07,Gonepteryx_cleobule__Male
41,3,5,03,Pyrgus_sidae__Male
41,3,6,05,Pyrgus_sidae__Male
41,3,7,09,Lycaena_tityrus__Female
41,3,8,06,Brintesia_circe__Male
41,3,9,10,Brintesia_circe__Male
41,3,10,04,Gonepteryx_cleobule__Male
42,1,1,07,Papilio_alexanor__Female
42,1,2,05,Gonepteryx_cleobule__Male
42,1,3,04,Lycaena_tityrus__Female
42,1,4,01,Gonepteryx_cleobule__Male
42,1,5,03,Lycaena_tityrus__Female
42,1,6,02,Brintesia_circe__Male
42,1,7,10,Pyrgus_sidae__Male
42,1,8,06,Papilio_alexanor__Female
42,1,9,09,Brintesia_circe__Male
42,1,10,08,Pyrgus_sidae__Male
42,2,1,01,Lycaena_tityrus__Female
42,2,2,09,Pyrgus_sidae__Male
42,2,3,08,Brintesia_circe__Male
42,2,4,03,Brintesia_circe__Male
42,2,5,06,Gonepteryx_cleobule__Male
42,2,6,07,Lycaena_tityrus__Female
42,2,7,04,Pyrgus_sidae__Male
42,2,8,05,Papilio_alexanor__Female
42,2,9,10,Papilio_alexanor__Female
42,2,10,02,Gonepteryx_cleobule__Male
42,3,1,10,Papilio_alexanor__Female
42,3,2,07,Pyrgus_sidae__Male
42,3,3,08,Gonepteryx_cleobule__Male
42,3,4,09,Brintesia_circe__Male
42,3,5,04,Lycaena_tityrus__Female
42,3,6,02,Brintesia_circe__Male
42,3,7,06,Gonepteryx_cleobule__Male
42,3,8,05,Papilio_alexanor__Female
42,3,9,03,Pyrgus_sidae__Male
42,3,10,01,Lycaena_tityrus__Female
43,1,1,07,Gonepteryx_cleobule__Male
43,1,2,04,Brintesia_circe__Male
43,1,3,08,Papilio_alexanor__Female
43,1,4,10,Pyrgus_sidae__Male
43,1,5,09,Lycaena_tityrus__Female
43,1,6,02,Pyrgus_sidae__Male
43,1,7,05,Lycaena_tityrus__Female
43,1,8,01,Papilio_alexanor__Female
43,1,9,03,Gonepteryx_cleobule__Male
43,1,10,06,Brintesia_circe__Male
43,2,1,08,Brintesia_circe__Male
43,2,2,07,Papilio_alexanor__Female
43,2,3,05,Brintesia_circe__Male
43,2,4,09,Gonepteryx_cleobule__Male
43,2,5,03,Papilio_alexanor__Female
43,2,6,01,Gonepteryx_cleobule__Male
43,2,7,10,Lycaena_tityrus__Female
43,2,8,04,Pyrgus_sidae__Male
43,2,9,06,Pyrgus_sidae__Male
43,2,10,02,Lycaena_tityrus__Female
43,3,1,06,Papilio_alexanor__Female
43,3,2,07,Brintesia_circe__Male
43,3,3,02,Gonepteryx_cleobule__Male
43,3,4,04,Papilio_alexanor__Female
43,3,5,10,Gonepteryx_cleobule__Male
43,3,6,08,Lycaena_tityrus__Female
43,3,7,09,Pyrgus_sidae__Male
43,3,8,03,Lycaena_tityrus__Female
43,3,9,01,Brintesia_circe__Male
43,3,10,05,Pyrgus_sidae__Male
44,1,1,09,Papilio_alexanor__Female
44,1,2,10,Brintesia_circe__Male
44,1,3,08,Pyrgus_sidae__Male
44,1,4,04,Gonepteryx_cleobule__Male
44,1,5,01,Pyrgus_sidae__Male
44,1,6,05,Gonepteryx_cleobule__Male
44,1,7,03,Brintesia_circe__Male
44,1,8,02,Papilio_alexanor__Female
44,1,9,06,Lycaena_tityrus__Female
44,1,10,07,Lycaena_tityrus__Female
44,2,1,04,Papilio_alexanor__Female
44,2,2,01,Brintesia_circe__Male
44,2,3,03,Brintesia_circe__Male
44,2,4,10,Gonepteryx_cleobule__Male
44,2,5,02,Gonepteryx_cleobule__Male
44,2,6,08,Papilio_alexanor__Female
44,2,7,05,Pyrgus_sidae__Male
44,2,8,09,Lycaena_tityrus__Female
44,2,9,06,Lycaena_tityrus__Female
44,2,10,07,Pyrgus_sidae__Male
44,3,1,10,Brintesia_circe__Male
44,3,2,06,Gonepteryx_cleobule__Male
44,3,3,04,Gonepteryx_cleobule__Male
44,3,4,01,Pyrgus_sidae__Male
44,3,5,07,Papilio_alexanor__Female
44,3,6,09,Pyrgus_sidae__Male
44,3,7,02,Lycaena_tityrus__Female
44,3,8,05,Lycaena_tityrus__Female
44,3,9,08,Brintesia_circe__Male
44,3,10,03,Papilio_alexanor__Female
45,1,1,04,Lycaena_tityrus__Female
45,1,2,07,Brintesia_circe__Male
45,1,3,10,Pyrgus_sidae__Male
45,1,4,05,Brintesia_circe__Male
45,1,5,08,Lycaena_tityrus__Female
45,1,6,09,Papilio_alexanor__Female
45,1,7,03,Gonepteryx_cleobule__Male
45,1,8,01,Gonepteryx_cleobule__Male
45,1,9,02,Papilio_alexanor__Female
45,1,10,06,Pyrgus_sidae__Male
45,2,1,06,Brintesia_circe__Male
45,2,2,01,Papilio_alexanor__Female
45,2,3,08,Gonepteryx_cleobule__Male
45,2,4,03,Pyrgus_sidae__Male
45,2,5,02,Pyrgus_sidae__Male
45,2,6,10,Lycaena_tityrus__Female
45,2,7,04,Brintesia_circe__Male
45,2,8,05,Papilio_alexanor__Female
45,2,9,07,Lycaena_tityrus__Female
45,2,10,09,Gonepteryx_cleobule__Male
45,3,1,07,Gonepteryx_cleobule__Male
45,3,2,02,Brintesia_circe__Male
45,3,3,03,Lycaena_tityrus__Female
45,3,4,06,Papilio_alexanor__Female
45,3,5,10,Papilio_alexanor__Female
45,3,6,09,Brintesia_circe__Male
45,3,7,04,Pyrgus_sidae__Male
45,3,8,01,Lycaena_tityrus__Female
45,3,9,05,Gonepteryx_cleobule__Male
45,3,10,08,Pyrgus_sidae__Male
46,1,1,09,Gonepteryx_cleobule__Male
46,1,2,10,Papilio_alexanor__Female
46,1,3,03,Gonepteryx_cleobule__Male
46,1,4,04,Papilio_alexanor__Female
46,1,5,06,Pyrgus_sidae__Male
46,1,6,01,Lycaena_tityrus__Female
46,1,7,02,Pyrgus_sidae__Male
46,1,8,05,Brintesia_circe__Male
46,1,9,07,Brintesia_circe__Male
46,1,10,08,Lycaena_tityrus__Female
46,2,1,05,Lycaena_tityrus__Female
46,2,2,08,Papilio_alexanor__Female
46,2,3,01,Gonepteryx_cleobule__Male
46,2,4,04,Lycaena_tityrus__Female
46,2,5,10,Brintesia_circe__Male
46,2,6,02,Papilio_alexanor__Female
46,2,7,07,Pyrgus_sidae__Male
46,2,8,06,Gonepteryx_cleobule__Male
46,2,9,09,Pyrgus_sidae__Male
46,2,10,03,Brintesia_circe__Male
46,3,1,02,Brintesia_circe__Male
46,3,2,09,Brintesia_circe__Male
46,3,3,01,Pyrgus_sidae__Male
46,3,4,10,Pyrgus_sidae__Male
46,3,5,07,Lycaena_tityrus__Female
46,3,6,03,Lycaena_tityrus__Female
46,3,7,06,Papilio_alexanor__Female
46,3,8,05,Papilio_alexanor__Female
46,3,9,08,Gonepteryx_cleobule__Male
46,3,10,04,Gonepteryx_cleobule__Male
47,1,1,10,Gonepteryx_cleobule__Male
47,1,2,05,Pyrgus_sidae__Male
47,1,3,03,Papilio_alexanor__Female
47,1,4,04,Brintesia_circe__Male
47,1,5,09,Lycaena_tityrus__Female
47,1,6,08,Pyrgus_sidae__Male
47,1,7,02,Lycaena_tityrus__Female
47,1,8,07,Gonepteryx_cleobule__Male
47,1,9,01,Papilio_alexanor__Female
47,1,10,06,Brintesia_circe__Male
47,2,1,02,Gonepteryx_cleobule__Male
47,2,2,09,Papilio_alexanor__Female
47,2,3,08,Brintesia_circe__Male
47,2,4,07,Papilio_alexanor__Female
47,2,5,03,Pyrgus_sidae__Male
47,2,6,01,Brintesia_circe__Male
47,2,7,04,Pyrgus_sidae__Male
47,2,8,06,Lycaena_tityrus__Female
47,2,9,10,Lycaena_tityrus__Female
47,2,10,05,Gonepteryx_cleobule__Male
47,3,1,08,Lycaena_tityrus__Female
47,3,2,10,Papilio_alexanor__Female
47,3,3,01,Pyrgus_sidae__Male
47,3,4,04,Brintesia_circe__Male
47,3,5,07,Lycaena_tityrus__Female
47,3,6,05,Gonepteryx_cleobule__Male
47,3,7,02,Gonepteryx_cleobule__Male
47,3,8,06,Brintesia_circe__Male
47,3,9,09,Pyrgus_sidae__Male
47,3,10,03,Papilio_alexanor__Female
48,1,1,05,Pyrgus_sidae__Male
48,1,2,09,Lycaena_tityrus__Female
48,1,3,10,Gonepteryx_cleobule__Male
48,1,4,03,Brintesia_circe__Male
48,1,5,04,Lycaena_tityrus__Female
48,1,6,08,Gonepteryx_cleobule__Male
48,1,7,02,Papilio_alexanor__Female
48,1,8,07,Papilio_alexanor__Female
48,1,9,01,Brintesia_circe__Male
48,1,10,06,Pyrgus_sidae__Male
48,2,1,09,Brintesia_circe__Male
48,2,2,07,Gonepteryx_cleobule__Male
48,2,3,04,Pyrgus_sidae__Male
48,2,4,10,Pyrgus_sidae__Male
48,2,5,03,Lycaena_tityrus__Female
48,2,6,01,Papilio_alexanor__Female
48,2,7,02,Brintesia_circe__Male
48,2,8,06,Gonepteryx_cleobule__Male
48,2,9,05,Lycaena_tityrus__Female
48,2,10,08,Papilio_alexanor__Female
48,3,1,04,Papilio_alexanor__Female
48,3,2,10,Brintesia_circe__Male
48,3,3,05,Brintesia_circe__Male
48,3,4,08,Pyrgus_sidae__Male
48,3,5,09,Papilio_alexanor__Female
48,3,6,07,Pyrgus_sidae__Male
48,3,7,01,Gonepteryx_cleobule__Male
48,3,8,02,Lycaena_tityrus__Female
48,3,9,06,Lycaena_tityrus__Female
48,3,10,03,Gonepteryx_cleobule__Male
49,1,1,10,Lycaena_tityrus__Female
49,1,2,03,Pyrgus_sidae__Male
49,1,3,06,Papilio_alexanor__Female
49,1,4,09,Gonepteryx_cleobule__Male
49,1,5,05,Papilio_alexanor__Female
49,1,6,02,Pyrgus_sidae__Male
49,1,7,04,Gonepteryx_cleobule__Male
49,1,8,07,Brintesia_circe__Male
49,1,9,08,Brintesia_circe__Male
49,1,10,01,Lycaena_tityrus__Female
49,2,1,09,Brintesia_circe__Male
49,2,2,03,Brintesia_circe__Male
49,2,3,04,Gonepteryx_cleobule__Male
49,2,4,08,Gonepteryx_cleobule__Male
49,2,5,10,Papilio_alexanor__Female
49,2,6,05,Pyrgus_sidae__Male
49,2,7,01,Lycaena_tityrus__Female
49,2,8,06,Pyrgus_sidae__Male
49,2,9,07,Papilio_alexanor__Female
49,2,10,02,Lycaena_tityrus__Female
49,3,1,09,Pyrgus_sidae__Male
49,3,2,07,Brintesia_circe__Male
49,3,3,03,Lycaena_tityrus__Female
49,3,4,04,Papilio_alexanor__Female
49,3,5,08,Papilio_alexanor__Female
49,3,6,10,Brintesia_circe__Male
49,3,7,01,Gonepteryx_cleobule__Male
49,3,8,02,Pyrgus_sidae__Male
49,3,9,05,Gonepteryx_cleobule__Male
49,3,10,06,Lycaena_tityrus__Female
50,1,1,05,Brintesia_circe__Male
50,1,2,02,Brintesia_circe__Male
50,1,3,01,Papilio_alexanor__Female
50,1,4,04,Lycaena_tityrus__Female
50,1,5,07,Pyrgus_sidae__Male
50,1,6,03,Papilio_alexanor__Female
50,1,7,08,Lycaena_tityrus__Female
50,1,8,09,Gonepteryx_cleobule__Male
50,1,9,06,Gonepteryx_cleobule__Male
50,1,10,10,Pyrgus_sidae__Male
50,2,1,06,Brintesia_circe__Male
50,2,2,04,Pyrgus_sidae__Male
50,2,3,03,Gonepteryx_cleobule__Male
50,2,4,01,Brintesia_circe__Male
50,2,5,10,Gonepteryx_cleobule__Male
50,2,6,05,Papilio_alexanor__Female
50,2,7,09,Lycaena_tityrus__Female
50,2,8,07,Lycaena_tityrus__Female
50,2,9,02,Papilio_alexanor__Female
50,2,10,08,Pyrgus_sidae__Male
50,3,1,04,Brintesia_circe__Male
50,3,2,02,Gonepteryx_cleobule__Male
50,3,3,03,Pyrgus_sidae__Male
50,3,4,05,Lycaena_tityrus__Female
50,3,5,10,Lycaena_tityrus__Female
50,3,6,07,Gonepteryx_cleobule__Male
50,3,7,06,Papilio_alexanor__Female
50,3,8,01,Pyrgus_sidae__Male
50,3,9,09,Papilio_alexanor__Female
50,3,10,08,Brintesia_circe__Male
51,1,1,02,Brintesia_circe__Male
51,1,2,03,Pyrgus_sidae__Male
51,1,3,08,Papilio_alexanor__Female
51,1,4,06,Brintesia_circe__Male
51,1,5,07,Gonepteryx_cleobule__Male
51,1,6,10,Pyrgus_sidae__Male
51,1,7,01,Papilio_alexanor__Female
51,1,8,09,Gonepteryx_cleobule__Male
51,1,9,05,Lycaena_tityrus__Female
51,1,10,04,Lycaena_tityrus__Female
51,2,1,01,Brintesia_circe__Male
51,2,2,08,Gonepteryx_cleobule__Male
51,2,3,04,Papilio_alexanor__Female
51,2,4,06,Gonepteryx_cleobule__Male
51,2,5,03,Lycaena_tityrus__Female
51,2,6,05,Pyrgus_sidae__Male
51,2,7,02,Lycaena_tityrus__Female
51,2,8,07,Brintesia_circe__Male
51,2,9,09,Pyrgus_sidae__Male
51,2,10,10,Papilio_alexanor__Female
51,3,1,07,Papilio_alexanor__Female
51,3,2,10,Lycaena_tityrus__Female
51,3,3,03,Brintesia_circe__Male
51,3,4,08,Pyrgus_sidae__Male
51,3,5,06,Lycaena_tityrus__Female
51,3,6,04,Brintesia_circe__Male
51,3,7,05,Gonepteryx_cleobule__Male
51,3,8,02,Gonepteryx_cleobule__Male
51,3,9,09,Papilio_alexanor__Female
51,3,10,01,Pyrgus_sidae__Male
52,1,1,09,Lycaena_tityrus__Female
52,1,2,03,Papilio_alexanor__Female
52,1,3,07,Lycaena_tityrus__Female
52,1,4,01,Gonepteryx_cleobule__Male
52,1,5,06,Papilio_alexanor__Female
52,1,6,08,Brintesia_circe__Male
52,1,7,05,Brintesia_circe__Male
52,1,8,02,Pyrgus_sidae__Male
52,1,9,10,Gonepteryx_cleobule__Male
52,1,10,04,Pyrgus_sidae__Male
52,2,1,03,Gonepteryx_cleobule__Male
52,2,2,09,Brintesia_circe__Male
52,2,3,02,Papilio_alexanor__Female
52,2,4,06,Pyrgus_sidae__Male
52,2,5,08,Lycaena_tityrus__Female
52,2,6,10,Brintesia_circe__Male
52,2,7,07,Pyrgus_sidae__Male
52,2,8,01,Lycaena_tityrus__Female
52,2,9,05,Papilio_alexanor__Female
52,2,10,04,Gonepteryx_cleobule__Male
52,3,1,05,Lycaena_tityrus__Female
52,3,2,06,Papilio_alexanor__Female
52,3,3,01,Gonepteryx_cleobule__Male
52,3,4,04,Brintesia_circe__Male
52,3,5,02,Brintesia_circe__Male
52,3,6,09,Gonepteryx_cleobule__Male
52,3,7,08,Pyrgus_sidae__Male
52,3,8,07,Lycaena_tityrus__Female
52,3,9,10,Pyrgus_sidae__Male
52,3,10,03,Papilio_alexanor__Female
53,1,1,09,Lycaena_tityrus__Female
53,1,2,06,Gonepteryx_cleobule__Male
53,1,3,01,Lycaena_tityrus__Female
53,1,4,08,Gonepteryx_cleobule__Male
53,1,5,04,Pyrgus_sidae__Male
53,1,6,05,Brintesia_circe__Male
53,1,7,02,Papilio_alexanor__Female
53,1,8,10,Papilio_alexanor__Female
53,1,9,03,Brintesia_circe__Male
53,1,10,07,Pyrgus_sidae__Male
53,2,1,03,Pyrgus_sidae__Male
53,2,2,05,Pyrgus_sidae__Male
53,2,3,02,Lycaena_tityrus__Female
53,2,4,10,Gonepteryx_cleobule__Male
53,2,5,06,Lycaena_tityrus__Female
53,2,6,09,Brintesia_circe__Male
53,2,7,08,Brintesia_circe__Male
53,2,8,07,Gonepteryx_cleobule__Male
53,2,9,04,Papilio_alexanor__Female
53,2,10,01,Papilio_alexanor__Female
53,3,1,06,Pyrgus_sidae__Male
53,3,2,08,Papilio_alexanor__Female
53,3,3,02,Gonepteryx_cleobule__Male
53,3,4,01,Brintesia_circe__Male
53,3,5,03,Lycaena_tityrus__Female
53,3,6,04,Lycaena_tityrus__Female
53,3,7,07,Papilio_alexanor__Female
53,3,8,05,Gonepteryx_cleobule__Male
53,3,9,10,Brintesia_circe__Male
53,3,10,09,Pyrgus_sidae__Male
54,1,1,02,Pyrgus_sidae__Male
54,1,2,10,Lycaena_tityrus__Female
54,1,3,07,Brintesia_circe__Male
54,1,4,09,Papilio_alexanor__Female
54,1,5,01,Pyrgus_sidae__Male
54,1,6,03,Gonepteryx_cleobule__Male
54,1,7,05,Papilio_alexanor__Female
54,1,8,08,Lycaena_tityrus__Female
54,1,9,04,Gonepteryx_cleobule__Male
54,1,10,06,Brintesia_circe__Male
54,2,1,04,Papilio_alexanor__Female
54,2,2,01,Pyrgus_sidae__Male
54,2,3,09,Pyrgus_sidae__Male
54,2,4,05,Lycaena_tityrus__Female
54,2,5,10,Lycaena_tityrus__Female
54,2,6,03,Brintesia_circe__Male
54,2,7,02,Gonepteryx_cleobule__Male
54,2,8,07,Brintesia_circe__Male
54,2,9,06,Papilio_alexanor__Female
54,2,10,08,Gonepteryx_cleobule__Male
54,3,1,10,Gonepteryx_cleobule__Male
54,3,2,02,Lycaena_tityrus__Female
54,3,3,04,Gonepteryx_cleobule__Male
54,3,4,05,Pyrgus_sidae__Male
54,3,5,03,Papilio_alexanor__Female
54,3,6,09,Brintesia_circe__Male
54,3,7,07,Lycaena_tityrus__Female
54,3,8,01,Brintesia_circe__Male
54,3,9,06,Pyrgus_sidae__Male
54,3,10,08,Papilio_alexanor__Female
55,1,1,01,Lycaena_tityrus__Female
55,1,2,09,Gonepteryx_cleobule__Male
55,1,3,03,Pyrgus_sidae__Male
55,1,4,08,Brintesia_circe__Male
55,1,5,05,Papilio_alexanor__Female
55,1,6,10,Brintesia_circe__Male
55,1,7,04,Lycaena_tityrus__Female
55,1,8,02,Pyrgus_sidae__Male
55,1,9,07,Papilio_alexanor__Female
55,1,10,06,Gonepteryx_cleobule__Male
55,2,1,03,Lycaena_tityrus__Female
55,2,2,04,Pyrgus_sidae__Male
55,2,3,10,Papilio_alexanor__Female
55,2,4,09,Papilio_alexanor__Female
55,2,5,06,Brintesia_circe__Male
55,2,6,02,Brintesia_circe__Male
55,2,7,08,Lycaena_tityrus__Female
55,2,8,07,Pyrgus_sidae__Male
55,2,9,01,Gonepteryx_cleobule__Male
55,2,10,05,Gonepteryx_cleobule__Male
55,3,1,02,Papilio_alexanor__Female
55,3,2,01,Papilio_alexanor__Female
55,3,3,08,Pyrgus_sidae__Male
55,3,4,07,Gonepteryx_cleobule__Male
55,3,5,06,Lycaena_tityrus__Female
55,3,6,09,Lycaena_tityrus__Female
55,3,7,10,Pyrgus_sidae__Male
55,3,8,05,Brintesia_circe__Male
55,3,9,04,Brintesia_circe__Male
55,3,10,03,Gonepteryx_cleobule__Male
56,1,1,05,Papilio_alexanor__Female
56,1,2,02,Gonepteryx_cleobule__Male
56,1,3,01,Gonepteryx_cleobule__Male
56,1,4,09,Lycaena_tityrus__Female
56,1,5,06,Lycaena_tityrus__Female
56,1,6,10,Brintesia_circe__Male
56,1,7,08,Papilio_alexanor__Female
56,1,8,03,Pyrgus_sidae__Male
56,1,9,07,Pyrgus_sidae__Male
56,1,10,04,Brintesia_circe__Male
56,2,1,01,Lycaena_tityrus__Female
56,2,2,03,Lycaena_tityrus__Female
56,2,3,10,Pyrgus_sidae__Male
56,2,4,07,Gonepteryx_cleobule__Male
56,2,5,02,Papilio_alexanor__Female
56,2,6,06,Pyrgus_sidae__Male
56,2,7,04,Papilio_alexanor__Female
56,2,8,08,Brintesia_circe__Male
56,2,9,09,Gonepteryx_cleobule__Male
56,2,10,05,Brintesia_circe__Male
56,3,1,07,Brintesia_circe__Male
56,3,2,02,Lycaena_tityrus__Female
56,3,3,06,Papilio_alexanor__Female
56,3,4,10,Gonepteryx_cleobule__Male
56,3,5,01,Papilio_alexanor__Female
56,3,6,04,Pyrgus_sidae__Male
56,3,7,09,Pyrgus_sidae__Male
56,3,8,03,Brintesia_circe__Male
56,3,9,08,Gonepteryx_cleobule__Male
56,3,10,05,Lycaena_tityrus__Female
57,1,1,02,Brintesia_circe__Male
57,1,2,08,Pyrgus_sidae__Male
57,1,3,07,Lycaena_tityrus__Female
57,1,4,03,Papilio_alexanor__Female
57,1,5,01,Brintesia_circe__Male
57,1,6,10,Lycaena_tityrus__Female
57,1,7,04,Gonepteryx_cleobule__Male
57,1,8,09,Papilio_alexanor__Female
57,1,9,06,Gonepteryx_cleobule__Male
57,1,10,05,Pyrgus_sidae__Male
57,2,1,03,Gonepteryx_cleobule__Male
57,2,2,04,Lycaena_tityrus__Female
57,2,3,05,Gonepteryx_cleobule__Male
57,2,4,08,Lycaena_tityrus__Female
57,2,5,02,Pyrgus_sidae__Male
57,2,6,10,Papilio_alexanor__Female
57,2,7,07,Papilio_alexanor__Female
57,2,8,09,Brintesia_circe__Male
57,2,9,01,Pyrgus_sidae__Male
57,2,10,06,Brintesia_circe__Male
57,3,1,02,Pyrgus_sidae__Male
57,3,2,04,Papilio_alexanor__Female
57,3,3,10,Papilio_alexanor__Female
57,3,4,08,Pyrgus_sidae__Male
57,3,5,05,Lycaena_tityrus__Female
57,3,6,09,Gonepteryx_cleobule__Male
57,3,7,06,Brintesia_circe__Male
57,3,8,07,Lycaena_tityrus__Female
57,3,9,03,Gonepteryx_cleobule__Male
57,3,10,01,Brintesia_circe__Male
58,1,1,06,Gonepteryx_cleobule__Male
58,1,2,05,Papilio_alexanor__Female
58,1,3,07,Brintesia_circe__Male
58,1,4,01,Papilio_alexanor__Female
58,1,5,09,Brintesia_circe__Male
58,1,6,08,Lycaena_tityrus__Female
58,1,7,03,Lycaena_tityrus__Female
58,1,8,02,Gonepteryx_cleobule__Male
58,1,9,04,Pyrgus_sidae__Male
58,1,10,10,Pyrgus_sidae__Male
58,2,1,01,Pyrgus_sidae__Male
58,2,2,03,Papilio_alexanor__Female
58,2,3,02,Brintesia_circe__Male
58,2,4,07,Papilio_alexanor__Female
58,2,5,05,Pyrgus_sidae__Male
58,2,6,09,Lycaena_tityrus__Female
58,2,7,06,Lycaena_tityrus__Female
58,2,8,10,Gonepteryx_cleobule__Male
58,2,9,04,Brintesia_circe__Male
58,2,10,08,Gonepteryx_cleobule__Male
58,3,1,10,Lycaena_tityrus__Female
58,3,2,02,Lycaena_tityrus__Female
58,3,3,03,Brintesia_circe__Male
58,3,4,06,Papilio_alexanor__Female
58,3,5,07,Pyrgus_sidae__Male
58,3,6,04,Gonepteryx_cleobule__Male
58,3,7,08,Papilio_alexanor__Female
58,3,8,01,Gonepteryx_cleobule__Male
58,3,9,05,Brintesia_circe__Male
58,3,10,09,Pyrgus_sidae__Male
59,1,1,01,Lycaena_tityrus__Female
59,1,2,08,Brintesia_circe__Male
59,1,3,07,Gonepteryx_cleobule__Male
59,1,4,10,Brintesia_circe__Male
59,1,5,05,Gonepteryx_cleobule__Male
59,1,6,03,Pyrgus_sidae__Male
59,1,7,02,Papilio_alexanor__Female
59,1,8,06,Pyrgus_sidae__Male
59,1,9,09,Papilio_alexanor__Female
59,1,10,04,Lycaena_tityrus__Female
59,2,1,04,Brintesia_circe__Male
59,2,2,07,Gonepteryx_cleobule__Male
59,2,3,09,Lycaena_tityrus__Female
59,2,4,05,Brintesia_circe__Male
59,2,5,03,Lycaena_tityrus__Female
59,2,6,02,Gonepteryx_cleobule__Male
59,2,7,06,Pyrgus_sidae__Male
59,2,8,10,Papilio_alexanor__Female
59,2,9,01,Pyrgus_sidae__Male
59,2,10,08,Papilio_alexanor__Female
59,3,1,10,Lycaena_tityrus__Female
59,3,2,05,Papilio_alexanor__Female
59,3,3,03,Pyrgus_sidae__Male
59,3,4,09,Brintesia_circe__Male
59,3,5,02,Papilio_alexanor__Female
59,3,6,01,Gonepteryx_cleobule__Male
59,3,7,04,Gonepteryx_cleobule__Male
59,3,8,06,Lycaena_tityrus__Female
59,3,9,08,Pyrgus_sidae__Male
59,3,10,07,Brintesia_circe__Male
60,1,1,09,Papilio_alexanor__Female
60,1,2,06,Gonepteryx_cleobule__Male
60,1,3,01,Brintesia_circe__Male
60,1,4,05,Pyrgus_sidae__Male
60,1,5,02,Pyrgus_sidae__Male
60,1,6,04,Lycaena_tityrus__Female
60,1,7,08,Gonepteryx_cleobule__Male
60,1,8,10,Brintesia_circe__Male
60,1,9,07,Lycaena_tityrus__Female
60,1,10,03,Papilio_alexanor__Female
60,2,1,08,Brintesia_circe__Male
60,2,2,10,Gonepteryx_cleobule__Male
60,2,3,02,Lycaena_tityrus__Female
60,2,4,09,Pyrgus_sidae__Male
60,2,5,03,Gonepteryx_cleobule__Male
60,2,6,04,Pyrgus_sidae__Male
60,2,7,06,Brintesia_circe__Male
60,2,8,07,Papilio_alexanor__Female
60,2,9,01,Papilio_alexanor__Female
60,2,10,05,Lycaena_tityrus__Female
60,3,1,07,Pyrgus_sidae__Male
60,3,2,01,Lycaena_tityrus__Female
60,3,3,03,Brintesia_circe__Male
60,3,4,02,Brintesia_circe__Male
60,3,5,05,Gonepteryx_cleobule__Male
60,3,6,08,Lycaena_tityrus__Female
60,3,7,09,Gonepteryx_cleobule__Male
60,3,8,04,Papilio_alexanor__Female
60,3,9,06,Papilio_alexanor__Female
60,3,10,10,Pyrgus_sidae__Male
61,1,1,01,Pyrgus_sidae__Male
61,1,2,07,Lycaena_tityrus__Female
61,1,3,02,Pyrgus_sidae__Male
61,1,4,06,Papilio_alexanor__Female
61,1,5,09,Gonepteryx_cleobule__Male
61,1,6,05,Lycaena_tityrus__Female
61,1,7,10,Gonepteryx_cleobule__Male
61,1,8,03,Brintesia_circe__Male
61,1,9,04,Brintesia_circe__Male
61,1,10,08,Papilio_alexanor__Female
61,2,1,02,Gonepteryx_cleobule__Male
61,2,2,07,Brintesia_circe__Male
61,2,3,09,Papilio_alexanor__Female
61,2,4,01,Gonepteryx_cleobule__Male
61,2,5,04,Pyrgus_sidae__Male
61,2,6,03,Pyrgus_sidae__Male
61,2,7,10,Brintesia_circe__Male
61,2,8,06,Lycaena_tityrus__Female
61,2,9,08,Lycaena_tityrus__Female
61,2,10,05,Papilio_alexanor__Female
61,3,1,07,Gonepteryx_cleobule__Male
61,3,2,08,Brintesia_circe__Male
61,3,3,04,Papilio_alexanor__Female
61,3,4,06,Pyrgus_sidae__Male
61,3,5,01,Brintesia_circe__Male
61,3,6,03,Lycaena_tityrus__Female
61,3,7,10,Pyrgus_sidae__Male
61,3,8,05,Gonepteryx_cleobule__Male
61,3,9,02,Papilio_alexanor__Female
61,3,10,09,Lycaena_tityrus__Female
62,1,1,09,Pyrgus_sidae__Male
62,1,2,04,Gonepteryx_cleobule__Male
62,1,3,08,Gonepteryx_cleobule__Male
62,1,4,03,Papilio_alexanor__Female
62,1,5,07,Pyrgus_sidae__Male
62,1,6,10,Lycaena_tityrus__Female
62,1,7,05,Brintesia_circe__Male
62,1,8,01,Papilio_alexanor__Female
62,1,9,02,Lycaena_tityrus__Female
62,1,10,06,Brintesia_circe__Male
62,2,1,04,Lycaena_tityrus__Female
62,2,2,06,Gonepteryx_cleobule__Male
62,2,3,07,Papilio_alexanor__Female
62,2,4,10,Papilio_alexanor__Female
62,2,5,08,Pyrgus_sidae__Male
62,2,6,02,Brintesia_circe__Male
62,2,7,05,Pyrgus_sidae__Male
62,2,8,03,Gonepteryx_cleobule__Male
62,2,9,09,Brintesia_circe__Male
62,2,10,01,Lycaena_tityrus__Female
62,3,1,01,Papilio_alexanor__Female
62,3,2,06,Brintesia_circe__Male
62,3,3,05,Lycaena_tityrus__Female
62,3,4,10,Gonepteryx_cleobule__Male
62,3,5,04,Papilio_alexanor__Female
62,3,6,08,Pyrgus_sidae__Male
62,3,7,02,Pyrgus_sidae__Male
62,3,8,09,Brintesia_circe__Male
62,3,9,03,Lycaena_tityrus__Female
62,3,10,07,Gonepteryx_cleobule__Male
63,1,1,04,Brintesia_circe__Male
63,1,2,08,Papilio_alexanor__Female
63,1,3,07,Lycaena_tityrus__Female
63,1,4,10,Lycaena_tityrus__Female
63,1,5,03,Papilio_alexanor__Female
63,1,6,01,Brintesia_circe__Male
63,1,7,06,Pyrgus_sidae__Male
63,1,8,02,Gonepteryx_cleobule__Male
63,1,9,05,Gonepteryx_cleobule__Male
63,1,10,09,Pyrgus_sidae__Male
63,2,1,06,Papilio_alexanor__Female
63,2,2,08,Brintesia_circe__Male
63,2,3,07,Brintesia_circe__Male
63,2,4,05,Papilio_alexanor__Female
63,2,5,09,Gonepteryx_cleobule__Male
63,2,6,01,Pyrgus_sidae__Male
63,2,7,10,Pyrgus_sidae__Male
63,2,8,04,Lycaena_tityrus__Female
63,2,9,03,Gonepteryx_cleobule__Male
63,2,10,02,Lycaena_tityrus__Female
63,3,1,06,Lycaena_tityrus__Female
63,3,2,10,Brintesia_circe__Male
63,3,3,01,Gonepteryx_cleobule__Male
63,3,4,08,Lycaena_tityrus__Female
63,3,5,07,Papilio_alexanor__Female
63,3,6,02,Gonepteryx_cleobule__Male
63,3,7,09,Papilio_alexanor__Female
63,3,8,04,Pyrgus_sidae__Male
63,3,9,05,Pyrgus_sidae__Male
63,3,10,03,Brintesia_circe__Male
64,1,1,06,Gonepteryx_cleobule__Male
64,1,2,10,Papilio_alexanor__Female
64,1,3,05,Brintesia_circe__Male
64,1,4,08,Gonepteryx_cleobule__Male
64,1,5,07,Pyrgus_sidae__Male
64,1,6,09,Lycaena_tityrus__Female
64,1,7,04,Papilio_alexanor__Female
64,1,8,01,Lycaena_tityrus__Female
64,1,9,02,Brintesia_circe__Male
64,1,10,03,Pyrgus_sidae__Male
64,2,1,10,Gonepteryx_cleobule__Male
64,2,2,08,Pyrgus_sidae__Male
64,2,3,01,Brintesia_circe__Male
64,2,4,09,Brintesia_circe__Male
64,2,5,07,Papilio_alexanor__Female
64,2,6,04,Gonepteryx_cleobule__Male
64,2,7,03,Lycaena_tityrus__Female
64,2,8,06,Pyrgus_sidae__Male
64,2,9,05,Lycaena_tityrus__Female
64,2,10,02,Papilio_alexanor__Female
64,3,1,04,Gonepteryx_cleobule__Male
64,3,2,03,Pyrgus_sidae__Male
64,3,3,01,Lycaena_tityrus__Female
64,3,4,09,Papilio_alexanor__Female
64,3,5,07,Gonepteryx_cleobule__Male
64,3,6,06,Papilio_alexanor__Female
64,3,7,05,Pyrgus_sidae__Male
64,3,8,02,Lycaena_tityrus__Female
64,3,9,08,Brintesia_circe__Male
64,3,10,10,Brintesia_circe__Male
65,1,1,08,Papilio_alexanor__Female
65,1,2,02,Papilio_alexanor__Female
65,1,3,01,Gonepteryx_cleobule__Male
65,1,4,09,Pyrgus_sidae__Male
65,1,5,05,Gonepteryx_cleobule__Male
65,1,6,03,Brintesia_circe__Male
65,1,7,07,Lycaena_tityrus__Female
65,1,8,04,Brintesia_circe__Male
65,1,9,10,Pyrgus_sidae__Male
65,1,10,06,Lycaena_tityrus__Female
65,2,1,07,Pyrgus_sidae__Male
65,2,2,05,Brintesia_circe__Male
65,2,3,09,Lycaena_tityrus__Female
65,2,4,01,Papilio_alexanor__Female
65,2,5,06,Brintesia_circe__Male
65,2,6,03,Gonepteryx_cleobule__Male
65,2,7,08,Gonepteryx_cleobule__Male
65,2,8,02,Pyrgus_sidae__Male
65,2,9,10,Papilio_alexanor__Female
65,2,10,04,Lycaena_tityrus__Female
65,3,1,10,Lycaena_tityrus__Female
65,3,2,06,Gonepteryx_cleobule__Male
65,3,3,02,Brintesia_circe__Male
65,3,4,07,Brintesia_circe__Male
65,3,5,08,Lycaena_tityrus__Female
65,3,6,03,Papilio_alexanor__Female
65,3,7,05,Papilio_alexanor__Female
65,3,8,04,Pyrgus_sidae__Male
65,3,9,09,Gonepteryx_cleobule__Male
65,3,10,01,Pyrgus_sidae__Male
66,1,1,07,Gonepteryx_cleobule__Male
66,1,2,05,Papilio_alexanor__Female
66,1,3,10,Gonepteryx_cleobule__Male
66,1,4,03,Lycaena_tityrus__Female
66,1,5,02,Lycaena_tityrus__Female
66,1,6,08,Brintesia_circe__Male
66,1,7,09,Papilio_alexanor__Female
66,1,8,06,Pyrgus_sidae__Male
66,1,9,04,Pyrgus_sidae__Male
66,1,10,01,Brintesia_circe__Male
66,2,1,06,Lycaena_tityrus__Female
66,2,2,05,Pyrgus_sidae__Male
66,2,3,02,Pyrgus_sidae__Male
66,2,4,07,Brintesia_circe__Male
66,2,5,04,Gonepteryx_cleobule__Male
66,2,6,01,Lycaena_tityrus__Female
66,2,7,08,Gonepteryx_cleobule__Male
66,2,8,03,Papilio_alexanor__Female
66,2,9,09,Brintesia_circe__Male
66,2,10,10,Papilio_alexanor__Female
66,3,1,04,Lycaena_tityrus__Female
66,3,2,07,Pyrgus_sidae__Male
66,3,3,03,Gonepteryx_cleobule__Male
66,3,4,01,Papilio_alexanor__Female
66,3,5,06,Papilio_alexanor__Female
66,3,6,09,Gonepteryx_cleobule__Male
66,3,7,10,Lycaena_tityrus__Female
66,3,8,05,Brintesia_circe__Male
66,3,9,02,Brintesia_circe__Male
66,3,10,08,Pyrgus_sidae__Male
67,1,1,03,Pyrgus_sidae__Male
67,1,2,07,Lycaena_tityrus__Female
67,1,3,05,Lycaena_tityrus__Female
67,1,4,08,Papilio_alexanor__Female
67,1,5,06,Brintesia_circe__Male
67,1,6,09,Pyrgus_sidae__Male
67,1,7,10,Brintesia_circe__Male
67,1,8,04,Papilio_alexanor__Female
67,1,9,02,Gonepteryx_cleobule__Male
67,1,10,01,Gonepteryx_cleobule__Male
67,2,1,05,Gonepteryx_cleobule__Male
67,2,2,08,Lycaena_tityrus__Female
67,2,3,06,Gonepteryx_cleobule__Male
67,2,4,04,Brintesia_circe__Male
67,2,5,10,Pyrgus_sidae__Male
67,2,6,03,Brintesia_circe__Male
67,2,7,09,Lycaena_tityrus__Female
67,2,8,01,Pyrgus_sidae__Male
67,2,9,07,Papilio_alexanor__Female
67,2,10,02,Papilio_alexanor__Female
67,3,1,04,Pyrgus_sidae__Male
67,3,2,01,Brintesia_circe__Male
67,3,3,07,Lycaena_tityrus__Female
67,3,4,06,Gonepteryx_cleobule__Male
67,3,5,10,Papilio_alexanor__Female
67,3,6,09,Brintesia_circe__Male
67,3,7,03,Lycaena_tityrus__Female
67,3,8,02,Gonepteryx_cleobule__Male
67,3,9,08,Papilio_alexanor__Female
67,3,10,05,Pyrgus_sidae__Male
68,1,1,02,Papilio_alexanor__Female
68,1,2,05,Brintesia_circe__Male
68,1,3,06,Papilio_alexanor__Female
68,1,4,03,Gonepteryx_cleobule__Male
68,1,5,01,Lycaena_tityrus__Female
68,1,6,09,Pyrgus_sidae__Male
68,1,7,08,Lycaena_tityrus__Female
68,1,8,10,Pyrgus_sidae__Male
68,1,9,04,Gonepteryx_cleobule__Male
68,1,10,07,Brintesia_circe__Male
68,2,1,01,Pyrgus_sidae__Male
68,2,2,03,Papilio_alexanor__Female
68,2,3,02,Brintesia_circe__Male
68,2,4,07,Pyrgus_sidae__Male
68,2,5,04,Brintesia_circe__Male
68,2,6,05,Papilio_alexanor__Female
68,2,7,08,Gonepteryx_cleobule__Male
68,2,8,09,Gonepteryx_cleobule__Male
68,2,9,10,Lycaena_tityrus__Female
68,2,10,06,Lycaena_tityrus__Female
68,3,1,10,Brintesia_circe__Male
68,3,2,03,Pyrgus_sidae__Male
68,3,3,05,Gonepteryx_cleobule__Male
68,3,4,02,Pyrgus_sidae__Male
68,3,5,08,Brintesia_circe__Male
68,3,6,09,Lycaena_tityrus__Female
68,3,7,04,Lycaena_tityrus__Female
68,3,8,07,Papilio_alexanor__Female
68,3,9,06,Papilio_alexanor__Female
68,3,10,01,Gonepteryx_cleobule__Male
69,1,1,08,Pyrgus_sidae__Male
69,1,2,03,Brintesia_circe__Male
69,1,3,09,Brintesia_circe__Male
69,1,4,10,Gonepteryx_cleobule__Male
69,1,5,02,Lycaena_tityrus__Female
69,1,6,04,Papilio_alexanor__Female
69,1,7,07,Gonepteryx_cleobule__Male
69,1,8,01,Papilio_alexanor__Female
69,1,9,06,Pyrgus_sidae__Male
69,1,10,05,Lycaena_tityrus__Female
69,2,1,08,Brintesia_circe__Male
69,2,2,02,Papilio_alexanor__Female
69,2,3,03,Pyrgus_sidae__Male
69,2,4,04,Lycaena_tityrus__Female
69,2,5,06,Brintesia_circe__Male
69,2,6,01,Pyrgus_sidae__Male
69,2,7,05,Gonepteryx_cleobule__Male
69,2,8,09,Papilio_alexanor__Female
69,2,9,07,Lycaena_tityrus__Female
69,2,10,10,Gonepteryx_cleobule__Male
69,3,1,03,Gonepteryx_cleobule__Male
69,3,2,02,Pyrgus_sidae__Male
69,3,3,01,Brintesia_circe__Male
69,3,4,10,Pyrgus_sidae__Male
69,3,5,05,Papilio_alexanor__Female
69,3,6,08,Lycaena_tityrus__Female
69,3,7,07,Gonepteryx_cleobule__Male
69,3,8,06,Lycaena_tityrus__Female
69,3,9,09,Papilio_alexanor__Female
69,3,10,04,Brintesia_circe__Male
70,1,1,01,Papilio_alexanor__Female
70,1,2,03,Brintesia_circe__Male
70,1,3,02,Gonepteryx_cleobule__Male
70,1,4,10,Brintesia_circe__Male
70,1,5,06,Pyrgus_sidae__Male
70,1,6,09,Lycaena_tityrus__Female
70,1,7,05,Lycaena_tityrus__Female
70,1,8,07,Papilio_alexanor__Female
70,1,9,04,Gonepteryx_cleobule__Male
70,1,10,08,Pyrgus_sidae__Male
70,2,1,04,Papilio_alexanor__Female
70,2,2,01,Lycaena_tityrus__Female
70,2,3,02,Brintesia_circe__Male
70,2,4,05,Pyrgus_sidae__Male
70,2,5,03,Lycaena_tityrus__Female
70,2,6,10,Papilio_alexanor__Female
70,2,7,07,Brintesia_circe__Male
70,2,8,06,Gonepteryx_cleobule__Male
70,2,9,09,Pyrgus_sidae__Male
70,2,10,08,Gonepteryx_cleobule__Male
70,3,1,08,Papilio_alexanor__Female
70,3,2,09,Gonepteryx_cleobule__Male
70,3,3,06,Brintesia_circe__Male
70,3,4,05,Brintesia_circe__Male
70,3,5,03,Papilio_alexanor__Female
70,3,6,10,Lycaena_tityrus__Female
70,3,7,07,Pyrgus_sidae__Male
70,3,8,04,Pyrgus_sidae__Male
70,3,9,01,Gonepteryx_cleobule__Male
70,3,10,02,Lycaena_tityrus__Female
71,1,1,10,Brintesia_circe__Male
71,1,2,02,Lycaena_tityrus__Female
71,1,3,07,Papilio_alexanor__Female
71,1,4,06,Brintesia_circe__Male
71,1,5,09,Lycaena_tityrus__Female
71,1,6,04,Gonepteryx_cleobule__Male
71,1,7,08,Gonepteryx_cleobule__Male
71,1,8,01,Pyrgus_sidae__Male
71,1,9,03,Pyrgus_sidae__Male
71,1,10,05,Papilio_alexanor__Female
71,2,1,07,Brintesia_circe__Male
71,2,2,02,Gonepteryx_cleobule__Male
71,2,3,03,Lycaena_tityrus__Female
71,2,4,06,Pyrgus_sidae__Male
71,2,5,05,Lycaena_tityrus__Female
71,2,6,08,Brintesia_circe__Male
71,2,7,09,Gonepteryx_cleobule__Male
71,2,8,04,Papilio_alexanor__Female
71,2,9,01,Papilio_alexanor__Female
71,2,10,10,Pyrgus_sidae__Male
71,3,1,06,Lycaena_tityrus__Female
71,3,2,05,Gonepteryx_cleobule__Male
71,3,3,09,Brintesia_circe__Male
71,3,4,10,Papilio_alexanor__Female
71,3,5,07,Gonepteryx_cleobule__Male
71,3,6,04,Lycaena_tityrus__Female
71,3,7,03,Papilio_alexanor__Female
71,3,8,08,Pyrgus_sidae__Male
71,3,9,01,Brintesia_circe__Male
71,3,10,02,Pyrgus_sidae__Male
72,1,1,04,Brintesia_circe__Male
72,1,2,02,Papilio_alexanor__Female
72,1,3,01,Lycaena_tityrus__Female
72,1,4,06,Gonepteryx_cleobule__Male
72,1,5,10,Lycaena_tityrus__Female
72,1,6,03,Gonepteryx_cleobule__Male
72,1,7,09,Pyrgus_sidae__Male
72,1,8,08,Papilio_alexanor__Female
72,1,9,07,Pyrgus_sidae__Male
72,1,10,05,Brintesia_circe__Male
72,2,1,10,Gonepteryx_cleobule__Male
72,2,2,01,Gonepteryx_cleobule__Male
72,2,3,02,Brintesia_circe__Male
72,2,4,08,Lycaena_tityrus__Female
72,2,5,06,Papilio_alexanor__Female
72,2,6,09,Papilio_alexanor__Female
72,2,7,05,Pyrgus_sidae__Male
72,2,8,03,Brintesia_circe__Male
72,2,9,07,Lycaena_tityrus__Female
72,2,10,04,Pyrgus_sidae__Male
72,3,1,04,Gonepteryx_cleobule__Male
72,3,2,01,Brintesia_circe__Male
72,3,3,09,Lycaena_tityrus__Female
72,3,4,07,Brintesia_circe__Male
72,3,5,10,Lycaena_tityrus__Female
72,3,6,06,Papilio_alexanor__Female
72,3,7,03,Pyrgus_sidae__Male
72,3,8,08,Papilio_alexanor__Female
72,3,9,02,Gonepteryx_cleobule__Male
72,3,10,05,Pyrgus_sidae__Male
73,1,1,09,Gonepteryx_cleobule__Male
73,1,2,01,Gonepteryx_cleobule__Male
73,1,3,03,Lycaena_tityrus__Female
73,1,4,06,Brintesia_circe__Male
73,1,5,07,Pyrgus_sidae__Male
73,1,6,04,Lycaena_tityrus__Female
73,1,7,05,Papilio_alexanor__Female
73,1,8,10,Papilio_alexanor__Female
73,1,9,08,Brintesia_circe__Male
73,1,10,02,Pyrgus_sidae__Male
73,2,1,08,Gonepteryx_cleobule__Male
73,2,2,05,Lycaena_tityrus__Female
73,2,3,06,Pyrgus_sidae__Male
73,2,4,01,Papilio_alexanor__Female
73,2,5,09,Brintesia_circe__Male
73,2,6,04,Pyrgus_sidae__Male
73,2,7,07,Papilio_alexanor__Female
73,2,8,10,Brintesia_circe__Male
73,2,9,03,Gonepteryx_cleobule__Male
73,2,10,02,Lycaena_tityrus__Female
73,3,1,04,Papilio_alexanor__Female
73,3,2,10,Gonepteryx_cleobule__Male
73,3,3,06,Lycaena_tityrus__Female
73,3,4,08,Lycaena_tityrus__Female
73,3,5,05,Brintesia_circe__Male
73,3,6,03,Brintesia_circe__Male
73,3,7,09,Pyrgus_sidae__Male
73,3,8,07,Gonepteryx_cleobule__Male
73,3,9,02,Papilio_alexanor__Female
73,3,10,01,Pyrgus_sidae__Male
74,1,1,08,Pyrgus_sidae__Male
74,1,2,04,Brintesia_circe__Male
74,1,3,02,Brintesia_circe__Male
74,1,4,05,Gonepteryx_cleobule__Male
74,1,5,07,Lycaena_tityrus__Female
74,1,6,01,Lycaena_tityrus__Female
74,1,7,03,Papilio_alexanor__Female
74,1,8,06,Gonepteryx_cleobule__Male
74,1,9,10,Pyrgus_sidae__Male
74,1,10,09,Papilio_alexanor__Female
74,2,1,09,Pyrgus_sidae__Male
74,2,2,06,Papilio_alexanor__Female
74,2,3,07,Brintesia_circe__Male
74,2,4,04,Papilio_alexanor__Female
74,2,5,05,Pyrgus_sidae__Male
74,2,6,02,Lycaena_tityrus__Female
74,2,7,10,Gonepteryx_cleobule__Male
74,2,8,03,Gonepteryx_cleobule__Male
74,2,9,01,Brintesia_circe__Male
74,2,10,08,Lycaena_tityrus__Female
74,3,1,01,Lycaena_tityrus__Female
74,3,2,03,Brintesia_circe__Male
74,3,3,07,Lycaena_tityrus__Female
74,3,4,10,Brintesia_circe__Male
74,3,5,05,Papilio_alexanor__Female
74,3,6,02,Papilio_alexanor__Female
74,3,7,06,Pyrgus_sidae__Male
74,3,8,08,Pyrgus_sidae__Male
74,3,9,04,Gonepteryx_cleobule__Male
74,3,10,09,Gonepteryx_cleobule__Male
75,1,1,06,Lycaena_tityrus__Female
75,1,2,03,Pyrgus_sidae__Male
75,1,3,10,Papilio_alexanor__Female
75,1,4,02,Brintesia_circe__Male
75,1,5,01,Gonepteryx_cleobule__Male
75,1,6,05,Brintesia_circe__Male
75,1,7,04,Lycaena_tityrus__Female
75,1,8,09,Papilio_alexanor__Female
75,1,9,08,Gonepteryx_cleobule__Male
75,1,10,07,Pyrgus_sidae__Male
75,2,1,07,Gonepteryx_cleobule__Male
75,2,2,10,Lycaena_tityrus__Female
75,2,3,05,Lycaena_tityrus__Female
75,2,4,08,Brintesia_circe__Male
75,2,5,01,Papilio_alexanor__Female
75,2,6,09,Brintesia_circe__Male
75,2,7,03,Papilio_alexanor__Female
75,2,8,02,Pyrgus_sidae__Male
75,2,9,06,Gonepteryx_cleobule__Male
75,2,10,04,Pyrgus_sidae__Male
75,3,1,06,Brintesia_circe__Male
75,3,2,04,Brintesia_circe__Male
75,3,3,08,Papilio_alexanor__Female
75,3,4,01,Pyrgus_sidae__Male
75,3,5,02,Gonepteryx_cleobule__Male
75,3,6,05,Gonepteryx_cleobule__Male
75,3,7,07,Papilio_alexanor__Female
75,3,8,03,Lycaena_tityrus__Female
75,3,9,10,Pyrgus_sidae__Male
75,3,10,09,Lycaena_tityrus__Female
76,1,1,07,Papilio_alexanor__Female
76,1,2,08,Lycaena_tityrus__Female
76,1,3,03,Gonepteryx_cleobule__Male
76,1,4,04,Gonepteryx_cleobule__Male
76,1,5,06,Brintesia_circe__Male
76,1,6,01,Papilio_alexanor__Female
76,1,7,02,Lycaena_tityrus__Female
76,1,8,05,Pyrgus_sidae__Male
76,1,9,10,Pyrgus_sidae__Male
76,1,10,09,Brintesia_circe__Male
76,2,1,08,Papilio_alexanor__Female
76,2,2,03,Pyrgus_sidae__Male
76,2,3,04,Lycaena_tityrus__Female
76,2,4,05,Lycaena_tityrus__Female
76,2,5,02,Brintesia_circe__Male
76,2,6,10,Gonepteryx_cleobule__Male
76,2,7,09,Gonepteryx_cleobule__Male
76,2,8,01,Brintesia_circe__Male
76,2,9,06,Papilio_alexanor__Female
76,2,10,07,Pyrgus_sidae__Male
76,3,1,02,Gonepteryx_cleobule__Male
76,3,2,01,Pyrgus_sidae__Male
76,3,3,10,Brintesia_circe__Male
76,3,4,07,Gonepteryx_cleobule__Male
76,3,5,03,Papilio_alexanor__Female
76,3,6,08,Pyrgus_sidae__Male
76,3,7,06,Lycaena_tityrus__Female
76,3,8,05,Brintesia_circe__Male
76,3,9,04,Papilio_alexanor__Female
76,3,10,09,Lycaena_tityrus__Female
77,1,1,09,Papilio_alexanor__Female
77,1,2,10,Papilio_alexanor__Female
77,1,3,05,Gonepteryx_cleobule__Male
77,1,4,04,Pyrgus_sidae__Male
77,1,5,02,Pyrgus_sidae__Male
77,1,6,06,Gonepteryx_cleobule__Male
77,1,7,01,Lycaena_tityrus__Female
77,1,8,03,Lycaena_tityrus__Female
77,1,9,08,Brintesia_circe__Male
77,1,10,07,Brintesia_circe__Male
77,2,1,09,Pyrgus_sidae__Male
77,2,2,05,Papilio_alexanor__Female
77,2,3,03,Brintesia_circe__Male
77,2,4,01,Gonepteryx_cleobule__Male
77,2,5,07,Lycaena_tityrus__Female
77,2,6,10,Lycaena_tityrus__Female
77,2,7,06,Pyrgus_sidae__Male
77,2,8,04,Brintesia_circe__Male
77,2,9,02,Papilio_alexanor__Female
77,2,10,08,Gonepteryx_cleobule__Male
77,3,1,07,Brintesia_circe__Male
77,3,2,01,Lycaena_tityrus__Female
77,3,3,08,Pyrgus_sidae__Male
77,3,4,06,Lycaena_tityrus__Female
77,3,5,02,Papilio_alexanor__Female
77,3,6,09,Gonepteryx_cleobule__Male
77,3,7,05,Gonepteryx_cleobule__Male
77,3,8,03,Pyrgus_sidae__Male
77,3,9,10,Papilio_alexanor__Female
77,3,10,04,Brintesia_circe__Male
78,1,1,10,Lycaena_tityrus__Female
78,1,2,07,Papilio_alexanor__Female
78,1,3,01,Brintesia_circe__Male
78,1,4,03,Papilio_alexanor__Female
78,1,5,05,Lycaena_tityrus__Female
78,1,6,08,Brintesia_circe__Male
78,1,7,02,Gonepteryx_cleobule__Male
78,1,8,04,Pyrgus_sidae__Male
78,1,9,09,Pyrgus_sidae__Male
78,1,10,06,Gonepteryx_cleobule__Male
78,2,1,09,Papilio_alexanor__Female
78,2,2,06,Pyrgus_sidae__Male
78,2,3,05,Pyrgus_sidae__Male
78,2,4,02,Lycaena_tityrus__Female
78,2,5,08,Gonepteryx_cleobule__Male
78,2,6,07,Lycaena_tityrus__Female
78,2,7,10,Brintesia_circe__Male
78,2,8,03,Brintesia_circe__Male
78,2,9,04,Gonepteryx_cleobule__Male
78,2,10,01,Papilio_alexanor__Female
78,3,1,07,Pyrgus_sidae__Male
78,3,2,06,Papilio_alexanor__Female
78,3,3,08,Lycaena_tityrus__Female
78,3,4,09,Lycaena_tityrus__Female
78,3,5,03,Gonepteryx_cleobule__Male
78,3,6,10,Gonepteryx_cleobule__Male
78,3,7,01,Pyrgus_sidae__Male
78,3,8,05,Brintesia_circe__Male
78,3,9,02,Brintesia_circe__Male
78,3,10,04,Papilio_alexanor__Female
79,1,1,10,Pyrgus_sidae__Male
79,1,2,01,Gonepteryx_cleobule__Male
79,1,3,02,Pyrgus_sidae__Male
79,1,4,07,Gonepteryx_cleobule__Male
79,1,5,09,Brintesia_circe__Male
79,1,6,03,Lycaena_tityrus__Female
79,1,7,05,Papilio_alexanor__Female
79,1,8,04,Lycaena_tityrus__Female
79,1,9,08,Papilio_alexanor__Female
79,1,10,06,Brintesia_circe__Male
79,2,1,08,Brintesia_circe__Male
79,2,2,09,Lycaena_tityrus__Female
79,2,3,05,Brintesia_circe__Male
79,2,4,02,Pyrgus_sidae__Male
79,2,5,06,Lycaena_tityrus__Female
79,2,6,04,Papilio_alexanor__Female
79,2,7,10,Pyrgus_sidae__Male
79,2,8,01,Gonepteryx_cleobule__Male
79,2,9,07,Papilio_alexanor__Female
79,2,10,03,Gonepteryx_cleobule__Male
79,3,1,10,Papilio_alexanor__Female
79,3,2,09,Brintesia_circe__Male
79,3,3,08,Lycaena_tityrus__Female
79,3,4,05,Gonepteryx_cleobule__Male
79,3,5,03,Brintesia_circe__Male
79,3,6,01,Pyrgus_sidae__Male
79,3,7,02,Papilio_alexanor__Female
79,3,8,07,Gonepteryx_cleobule__Male
79,3,9,06,Pyrgus_sidae__Male
79,3,10,04,Lycaena_tityrus__Female
80,1,1,03,Papilio_alexanor__Female
80,1,2,06,Gonepteryx_cleobule__Male
80,1,3,10,Brintesia_circe__Male
80,1,4,02,Brintesia_circe__Male
80,1,5,05,Lycaena_tityrus__Female
80,1,6,01,Papilio_alexanor__Female
80,1,7,04,Pyrgus_sidae__Male
80,1,8,08,Pyrgus_sidae__Male
80,1,9,07,Lycaena_tityrus__Female
80,1,10,09,Gonepteryx_cleobule__Male
80,2,1,04,Gonepteryx_cleobule__Male
80,2,2,01,Lycaena_tityrus__Female
80,2,3,06,Brintesia_circe__Male
80,2,4,02,Lycaena_tityrus__Female
80,2,5,03,Pyrgus_sidae__Male
80,2,6,09,Pyrgus_sidae__Male
80,2,7,07,Brintesia_circe__Male
80,2,8,05,Papilio_alexanor__Female
80,2,9,08,Papilio_alexanor__Female
80,2,10,10,Gonepteryx_cleobule__Male
80,3,1,03,Lycaena_tityrus__Female
80,3,2,02,Gonepteryx_cleobule__Male
80,3,3,07,Pyrgus_sidae__Male
80,3,4,06,Papilio_alexanor__Female
80,3,5,01,Brintesia_circe__Male
80,3,6,10,Lycaena_tityrus__Female
80,3,7,08,Gonepteryx_cleobule__Male
80,3,8,05,Pyrgus_sidae__Male
80,3,9,09,Papilio_alexanor__Female
80,3,10,04,Brintesia_circe__Male
81,1,1,03,Pyrgus_sidae__Male
81,1,2,10,Papilio_alexanor__Female
81,1,3,01,Brintesia_circe__Male
81,1,4,04,Lycaena_tityrus__Female
81,1,5,05,Gonepteryx_cleobule__Male
81,1,6,08,Brintesia_circe__Male
81,1,7,02,Papilio_alexanor__Female
81,1,8,06,Pyrgus_sidae__Male
81,1,9,09,Lycaena_tityrus__Female
81,1,10,07,Gonepteryx_cleobule__Male
81,2,1,05,Brintesia_circe__Male
81,2,2,07,Papilio_alexanor__Female
81,2,3,10,Gonepteryx_cleobule__Male
81,2,4,04,Brintesia_circe__Male
81,2,5,06,Gonepteryx_cleobule__Male
81,2,6,09,Pyrgus_sidae__Male
81,2,7,03,Papilio_alexanor__Female
81,2,8,01,Lycaena_tityrus__Female
81,2,9,08,Pyrgus_sidae__Male
81,2,10,02,Lycaena_tityrus__Female
81,3,1,01,Papilio_alexanor__Female
81,3,2,05,Lycaena_tityrus__Female
81,3,3,06,Brintesia_circe__Male
81,3,4,09,Brintesia_circe__Male
81,3,5,03,Gonepteryx_cleobule__Male
81,3,6,07,Lycaena_tityrus__Female
81,3,7,04,Papilio_alexanor__Female
81,3,8,08,Gonepteryx_cleobule__Male
81,3,9,02,Pyrgus_sidae__Male
81,3,10,10,Pyrgus_sidae__Male
82,1,1,02,Gonepteryx_cleobule__Male
82,1,2,03,Lycaena_tityrus__Female
82,1,3,01,Gonepteryx_cleobule__Male
82,1,4,07,Brintesia_circe__Male
82,1,5,09,Papilio_alexanor__Female
82,1,6,05,Pyrgus_sidae__Male
82,1,7,10,Brintesia_circe__Male
82,1,8,04,Pyrgus_sidae__Male
82,1,9,08,Papilio_alexanor__Female
82,1,10,06,Lycaena_tityrus__Female
82,2,1,01,Pyrgus_sidae__Male
82,2,2,03,Brintesia_circe__Male
82,2,3,05,Papilio_alexanor__Female
82,2,4,10,Lycaena_tityrus__Female
82,2,5,06,Papilio_alexanor__Female
82,2,6,09,Gonepteryx_cleobule__Male
82,2,7,02,Brintesia_circe__Male
82,2,8,07,Pyrgus_sidae__Male
82,2,9,08,Lycaena_tityrus__Female
82,2,10,04,Gonepteryx_cleobule__Male
82,3,1,02,Lycaena_tityrus__Female
82,3,2,03,Lycaena_tityrus__Female
82,3,3,09,Gonepteryx_cleobule__Male
82,3,4,08,Pyrgus_sidae__Male
82,3,5,07,Gonepteryx_cleobule__Male
82,3,6,05,Papilio_alexanor__Female
82,3,7,10,Papilio_alexanor__Female
82,3,8,04,Pyrgus_sidae__Male
82,3,9,01,Brintesia_circe__Male
82,3,10,06,Brintesia_circe__Male
83,1,1,03,Brintesia_circe__Male
83,1,2,04,Brintesia_circe__Male
83,1,3,01,Pyrgus_sidae__Male
83,1,4,09,Lycaena_tityrus__Female
83,1,5,02,Gonepteryx_cleobule__Male
83,1,6,06,Papilio_alexanor__Female
83,1,7,08,Gonepteryx_cleobule__Male
83,1,8,10,Lycaena_tityrus__Female
83,1,9,07,Papilio_alexanor__Female
83,1,10,05,Pyrgus_sidae__Male
83,2,1,07,Lycaena_tityrus__Female
83,2,2,03,Gonepteryx_cleobule__Male
83,2,3,08,Brintesia_circe__Male
83,2,4,06,Gonepteryx_cleobule__Male
83,2,5,05,Brintesia_circe__Male
83,2,6,09,Papilio_alexanor__Female
83,2,7,02,Pyrgus_sidae__Male
83,2,8,04,Lycaena_tityrus__Female
83,2,9,10,Pyrgus_sidae__Male
83,2,10,01,Papilio_alexanor__Female
83,3,1,03,Pyrgus_sidae__Male
83,3,2,01,Lycaena_tityrus__Female
83,3,3,07,Pyrgus_sidae__Male
83,3,4,02,Brintesia_circe__Male
83,3,5,05,Gonepteryx_cleobule__Male
83,3,6,09,Brintesia_circe__Male
83,3,7,10,Gonepteryx_cleobule__Male
83,3,8,06,Lycaena_tityrus__Female
83,3,9,04,Papilio_alexanor__Female
83,3,10,08,Papilio_alexanor__Female
84,1,1,05,Lycaena_tityrus__Female
84,1,2,03,Papilio_alexanor__Female
84,1,3,10,Brintesia_circe__Male
84,1,4,09,Pyrgus_sidae__Male
84,1,5,07,Brintesia_circe__Male
84,1,6,08,Lycaena_tityrus__Female
84,1,7,02,Papilio_alexanor__Female
84,1,8,04,Gonepteryx_cleobule__Male
84,1,9,06,Pyrgus_sidae__Male
84,1,10,01,Gonepteryx_cleobule__Male
84,2,1,03,Lycaena_tityrus__Female
84,2,2,05,Lycaena_tityrus__Female
84,2,3,09,Gonepteryx_cleobule__Male
84,2,4,07,Papilio_alexanor__Female
84,2,5,08,Pyrgus_sidae__Male
84,2,6,06,Pyrgus_sidae__Male
84,2,7,01,Brintesia_circe__Male
84,2,8,02,Papilio_alexanor__Female
84,2,9,10,Brintesia_circe__Male
84,2,10,04,Gonepteryx_cleobule__Male
84,3,1,03,Gonepteryx_cleobule__Male
84,3,2,08,Lycaena_tityrus__Female
84,3,3,01,Lycaena_tityrus__Female
84,3,4,02,Brintesia_circe__Male
84,3,5,09,Pyrgus_sidae__Male
84,3,6,07,Gonepteryx_cleobule__Male
84,3,7,10,Pyrgus_sidae__Male
84,3,8,05,Papilio_alexanor__Female
84,3,9,06,Brintesia_circe__Male
84,3,10,04,Papilio_alexanor__Female
85,1,1,03,Pyrgus_sidae__Male
85,1,2,04,Brintesia_circe__Male
85,1,3,10,Lycaena_tityrus__Female
85,1,4,06,Papilio_alexanor__Female
85,1,5,01,Pyrgus_sidae__Male
85,1,6,07,Lycaena_tityrus__Female
85,1,7,08,Gonepteryx_cleobule__Male
85,1,8,05,Brintesia_circe__Male
85,1,9,02,Gonepteryx_cleobule__Male
85,1,10,09,Papilio_alexanor__Female
85,2,1,08,Brintesia_circe__Male
85,2,2,10,Papilio_alexanor__Female
85,2,3,05,Gonepteryx_cleobule__Male
85,2,4,03,Brintesia_circe__Male
85,2,5,07,Pyrgus_sidae__Male
85,2,6,04,Lycaena_tityrus__Female
85,2,7,01,Papilio_alexanor__Female
85,2,8,09,Lycaena_tityrus__Female
85,2,9,02,Pyrgus_sidae__Male
85,2,10,06,Gonepteryx_cleobule__Male
85,3,1,04,Pyrgus_sidae__Male
85,3,2,06,Lycaena_tityrus__Female
85,3,3,02,Lycaena_tityrus__Female
85,3,4,10,Gonepteryx_cleobule__Male
85,3,5,05,Pyrgus_sidae__Male
85,3,6,09,Brintesia_circe__Male
85,3,7,08,Papilio_alexanor__Female
85,3,8,01,Gonepteryx_cleobule__Male
85,3,9,03,Papilio_alexanor__Female
85,3,10,07,Brintesia_circe__Male
86,1,1,04,Gonepteryx_cleobule__Male
86,1,2,10,Gonepteryx_cleobule__Male
86,1,3,08,Lycaena_tityrus__Female
86,1,4,06,Brintesia_circe__Male
86,1,5,07,Pyrgus_sidae__Male
86,1,6,01,Papilio_alexanor__Female
86,1,7,02,Pyrgus_sidae__Male
86,1,8,03,Brintesia_circe__Male
86,1,9,05,Lycaena_tityrus__Female
86,1,10,09,Papilio_alexanor__Female
86,2,1,02,Lycaena_tityrus__Female
86,2,2,01,Gonepteryx_cleobule__Male
86,2,3,09,Lycaena_tityrus__Female
86,2,4,10,Pyrgus_sidae__Male
86,2,5,05,Brintesia_circe__Male
86,2,6,04,Pyrgus_sidae__Male
86,2,7,07,Brintesia_circe__Male
86,2,8,03,Papilio_alexanor__Female
86,2,9,06,Gonepteryx_cleobule__Male
86,2,10,08,Papilio_alexanor__Female
86,3,1,08,Pyrgus_sidae__Male
86,3,2,03,Lycaena_tityrus__Female
86,3,3,01,Brintesia_circe__Male
86,3,4,06,Papilio_alexanor__Female
86,3,5,09,Pyrgus_sidae__Male
86,3,6,04,Papilio_alexanor__Female
86,3,7,07,Lycaena_tityrus__Female
86,3,8,05,Gonepteryx_cleobule__Male
86,3,9,02,Gonepteryx_cleobule__Male
86,3,10,10,Brintesia_circe__Male
87,1,1,03,Gonepteryx_cleobule__Male
87,1,2,01,Lycaena_tityrus__Female
87,1,3,09,Brintesia_circe__Male
87,1,4,10,Papilio_alexanor__Female
87,1,5,06,Pyrgus_sidae__Male
87,1,6,02,Brintesia_circe__Male
87,1,7,07,Papilio_alexanor__Female
87,1,8,08,Gonepteryx_cleobule__Male
87,1,9,04,Lycaena_tityrus__Female
87,1,10,05,Pyrgus_sidae__Male
87,2,1,08,Brintesia_circe__Male
87,2,2,02,Papilio_alexanor__Female
87,2,3,07,Gonepteryx_cleobule__Male
87,2,4,10,Lycaena_tityrus__Female
87,2,5,03,Pyrgus_sidae__Male
87,2,6,06,Lycaena_tityrus__Female
87,2,7,05,Papilio_alexanor__Female
87,2,8,01,Pyrgus_sidae__Male
87,2,9,09,Gonepteryx_cleobule__Male
87,2,10,04,Brintesia_circe__Male
87,3,1,06,Papilio_alexanor__Female
87,3,2,08,Gonepteryx_cleobule__Male
87,3,3,07,Gonepteryx_cleobule__Male
87,3,4,05,Lycaena_tityrus__Female
87,3,5,03,Brintesia_circe__Male
87,3,6,02,Papilio_alexanor__Female
87,3,7,04,Lycaena_tityrus__Female
87,3,8,10,Brintesia_circe__Male
87,3,9,01,Pyrgus_sidae__Male
87,3,10,09,Pyrgus_sidae__Male
88,1,1,01,Brintesia_circe__Male
88,1,2,04,Pyrgus_sidae__Male
88,1,3,07,Lycaena_tityrus__Female
88,1,4,06,Gonepteryx_cleobule__Male
88,1,5,09,Gonepteryx_cleobule__Male
88,1,6,10,Papilio_alexanor__Female
88,1,7,02,Lycaena_tityrus__Female
88,1,8,05,Pyrgus_sidae__Male
88,1,9,08,Brintesia_circe__Male
88,1,10,03,Papilio_alexanor__Female
88,2,1,03,Lycaena_tityrus__Female
88,2,2,04,Papilio_alexanor__Female
88,2,3,10,Lycaena_tityrus__Female
88,2,4,09,Brintesia_circe__Male
88,2,5,02,Gonepteryx_cleobule__Male
88,2,6,06,Brintesia_circe__Male
88,2,7,05,Papilio_alexanor__Female
88,2,8,08,Pyrgus_sidae__Male
88,2,9,07,Pyrgus_sidae__Male
88,2,10,01,Gonepteryx_cleobule__Male
88,3,1,06,Pyrgus_sidae__Male
88,3,2,09,Lycaena_tityrus__Female
88,3,3,08,Papilio_alexanor__Female
88,3,4,05,Brintesia_circe__Male
88,3,5,04,Brintesia_circe__Male
88,3,6,10,Gonepteryx_cleobule__Male
88,3,7,03,Gonepteryx_cleobule__Male
88,3,8,02,Pyrgus_sidae__Male
88,3,9,01,Lycaena_tityrus__Female
88,3,10,07,Papilio_alexanor__Female
89,1,1,10,Pyrgus_sidae__Male
89,1,2,02,Brintesia_circe__Male
89,1,3,05,Gonepteryx_cleobule__Male
89,1,4,01,Papilio_alexanor__Female
89,1,5,03,Pyrgus_sidae__Male
89,1,6,07,Brintesia_circe__Male
89,1,7,04,Gonepteryx_cleobule__Male
89,1,8,09,Papilio_alexanor__Female
89,1,9,06,Lycaena_tityrus__Female
89,1,10,08,Lycaena_tityrus__Female
89,2,1,09,Gonepteryx_cleobule__Male
89,2,2,06,Papilio_alexanor__Female
89,2,3,01,Pyrgus_sidae__Male
89,2,4,04,Lycaena_tityrus__Female
89,2,5,05,Brintesia_circe__Male
89,2,6,07,Pyrgus_sidae__Male
89,2,7,02,Lycaena_tityrus__Female
89,2,8,10,Brintesia_circe__Male
89,2,9,08,Papilio_alexanor__Female
89,2,10,03,Gonepteryx_cleobule__Male
89,3,1,08,Pyrgus_sidae__Male
89,3,2,04,Brintesia_circe__Male
89,3,3,01,Papilio_alexanor__Female
89,3,4,06,Lycaena_tityrus__Female
89,3,5,02,Papilio_alexanor__Female
89,3,6,05,Gonepteryx_cleobule__Male
89,3,7,09,Brintesia_circe__Male
89,3,8,03,Pyrgus_sidae__Male
89,3,9,10,Gonepteryx_cleobule__Male
89,3,10,07,Lycaena_tityrus__Female
90,1,1,07,Gonepteryx_cleobule__Male
90,1,2,02,Gonepteryx_cleobule__Male
90,1,3,05,Lycaena_tityrus__Female
90,1,4,01,Brintesia_circe__Male
90,1,5,10,Pyrgus_sidae__Male
90,1,6,09,Lycaena_tityrus__Female
90,1,7,08,Brintesia_circe__Male
90,1,8,03,Papilio_alexanor__Female
90,1,9,06,Pyrgus_sidae__Male
90,1,10,04,Papilio_alexanor__Female
90,2,1,08,Gonepteryx_cleobule__Male
90,2,2,10,Lycaena_tityrus__Female
90,2,3,04,Pyrgus_sidae__Male
90,2,4,07,Brintesia_circe__Male
90,2,5,06,Gonepteryx_cleobule__Male
90,2,6,09,Papilio_alexanor__Female
90,2,7,05,Papilio_alexanor__Female
90,2,8,01,Lycaena_tityrus__Female
90,2,9,02,Pyrgus_sidae__Male
90,2,10,03,Brintesia_circe__Male
90,3,1,03,Lycaena_tityrus__Female
90,3,2,06,Brintesia_circe__Male
90,3,3,10,Papilio_alexanor__Female
90,3,4,05,Pyrgus_sidae__Male
90,3,5,08,Lycaena_tityrus__Female
90,3,6,02,Brintesia_circe__Male
90,3,7,04,Gonepteryx_cleobule__Male
90,3,8,07,Papilio_alexanor__Female
90,3,9,09,Pyrgus_sidae__Male
90,3,10,01,Gonepteryx_cleobule__Male
91,1,1,06,Brintesia_circe__Male
91,1,2,09,Papilio_alexanor__Female
91,1,3,08,Lycaena_tityrus__Female
91,1,4,03,Gonepteryx_cleobule__Male
91,1,5,04,Gonepteryx_cleobule__Male
91,1,6,07,Pyrgus_sidae__Male
91,1,7,10,Lycaena_tityrus__Female
91,1,8,05,Brintesia_circe__Male
91,1,9,02,Papilio_alexanor__Female
91,1,10,01,Pyrgus_sidae__Male
91,2,1,05,Lycaena_tityrus__Female
91,2,2,08,Brintesia_circe__Male
91,2,3,01,Lycaena_tityrus__Female
91,2,4,07,Gonepteryx_cleobule__Male
91,2,5,02,Gonepteryx_cleobule__Male
91,2,6,03,Pyrgus_sidae__Male
91,2,7,06,Papilio_alexanor__Female
91,2,8,09,Brintesia_circe__Male
91,2,9,10,Pyrgus_sidae__Male
91,2,10,04,Papilio_alexanor__Female
91,3,1,01,Brintesia_circe__Male
91,3,2,06,Lycaena_tityrus__Female
91,3,3,10,Brintesia_circe__Male
91,3,4,07,Papilio_alexanor__Female
91,3,5,09,Lycaena_tityrus__Female
91,3,6,03,Papilio_alexanor__Female
91,3,7,04,Pyrgus_sidae__Male
91,3,8,08,Gonepteryx_cleobule__Male
91,3,9,05,Gonepteryx_cleobule__Male
91,3,10,02,Pyrgus_sidae__Male
92,1,1,01,Gonepteryx_cleobule__Male
92,1,2,02,Lycaena_tityrus__Female
92,1,3,04,Brintesia_circe__Male
92,1,4,10,Gonepteryx_cleobule__Male
92,1,5,08,Papilio_alexanor__Female
92,1,6,05,Papilio_alexanor__Female
92,1,7,06,Pyrgus_sidae__Male
92,1,8,07,Lycaena_tityrus__Female
92,1,9,03,Brintesia_circe__Male
92,1,10,09,Pyrgus_sidae__Male
92,2,1,08,Pyrgus_sidae__Male
92,2,2,04,Lycaena_tityrus__Female
92,2,3,06,Gonepteryx_cleobule__Male
92,2,4,09,Gonepteryx_cleobule__Male
92,2,5,10,Papilio_alexanor__Female
92,2,6,05,Pyrgus_sidae__Male
92,2,7,07,Brintesia_circe__Male
92,2,8,01,Papilio_alexanor__Female
92,2,9,02,Brintesia_circe__Male
92,2,10,03,Lycaena_tityrus__Female
92,3,1,06,Pyrgus_sidae__Male
92,3,2,10,Brintesia_circe__Male
92,3,3,04,Lycaena_tityrus__Female
92,3,4,02,Lycaena_tityrus__Female
92,3,5,01,Gonepteryx_cleobule__Male
92,3,6,05,Gonepteryx_cleobule__Male
92,3,7,08,Pyrgus_sidae__Male
92,3,8,03,Brintesia_circe__Male
92,3,9,09,Papilio_alexanor__Female
92,3,10,07,Papilio_alexanor__Female
93,1,1,03,Papilio_alexanor__Female
93,1,2,01,Brintesia_circe__Male
93,1,3,06,Papilio_alexanor__Female
93,1,4,07,Pyrgus_sidae__Male
93,1,5,04,Gonepteryx_cleobule__Male
93,1,6,10,Lycaena_tityrus__Female
93,1,7,08,Lycaena_tityrus__Female
93,1,8,09,Gonepteryx_cleobule__Male
93,1,9,05,Brintesia_circe__Male
93,1,10,02,Pyrgus_sidae__Male
93,2,1,06,Gonepteryx_cleobule__Male
93,2,2,09,Lycaena_tityrus__Female
93,2,3,03,Pyrgus_sidae__Male
93,2,4,04,Brintesia_circe__Male
93,2,5,08,Papilio_alexanor__Female
93,2,6,05,Lycaena_tityrus__Female
93,2,7,02,Gonepteryx_cleobule__Male
93,2,8,10,Pyrgus_sidae__Male
93,2,9,01,Papilio_alexanor__Female
93,2,10,07,Brintesia_circe__Male
93,3,1,08,Gonepteryx_cleobule__Male
93,3,2,09,Brintesia_circe__Male
93,3,3,05,Pyrgus_sidae__Male
93,3,4,04,Pyrgus_sidae__Male
93,3,5,02,Brintesia_circe__Male
93,3,6,07,Gonepteryx_cleobule__Male
93,3,7,10,Papilio_alexanor__Female
93,3,8,01,Lycaena_tityrus__Female
93,3,9,03,Papilio_alexanor__Female
93,3,10,06,Lycaena_tityrus__Female
94,1,1,08,Brintesia_circe__Male
94,1,2,07,Lycaena_tityrus__Female
94,1,3,06,Brintesia_circe__Male
94,1,4,04,Papilio_alexanor__Female
94,1,5,05,Papilio_alexanor__Female
94,1,6,03,Gonepteryx_cleobule__Male
94,1,7,09,Pyrgus_sidae__Male
94,1,8,01,Pyrgus_sidae__Male
94,1,9,02,Lycaena_tityrus__Female
94,1,10,10,Gonepteryx_cleobule__Male
94,2,1,08,Gonepteryx_cleobule__Male
94,2,2,10,Brintesia_circe__Male
94,2,3,04,Pyrgus_sidae__Male
94,2,4,05,Lycaena_tityrus__Female
94,2,5,01,Brintesia_circe__Male
94,2,6,06,Pyrgus_sidae__Male
94,2,7,07,Gonepteryx_cleobule__Male
94,2,8,02,Papilio_alexanor__Female
94,2,9,03,Lycaena_tityrus__Female
94,2,10,09,Papilio_alexanor__Female
94,3,1,04,Brintesia_circe__Male
94,3,2,01,Pyrgus_sidae__Male
94,3,3,10,Lycaena_tityrus__Female
94,3,4,02,Gonepteryx_cleobule__Male
94,3,5,08,Papilio_alexanor__Female
94,3,6,07,Brintesia_circe__Male
94,3,7,09,Gonepteryx_cleobule__Male
94,3,8,06,Papilio_alexanor__Female
94,3,9,05,Pyrgus_sidae__Male
94,3,10,03,Lycaena_tityrus__Female
95,1,1,01,Gonepteryx_cleobule__Male
95,1,2,05,Gonepteryx_cleobule__Male
95,1,3,10,Papilio_alexanor__Female
95,1,4,02,Pyrgus_sidae__Male
95,1,5,07,Lycaena_tityrus__Female
95,1,6,04,Papilio_alexanor__Female
95,1,7,03,Brintesia_circe__Male
95,1,8,08,Pyrgus_sidae__Male
95,1,9,09,Lycaena_tityrus__Female
95,1,10,06,Brintesia_circe__Male
95,2,1,06,Gonepteryx_cleobule__Male
95,2,2,10,Gonepteryx_cleobule__Male
95,2,3,02,Papilio_alexanor__Female
95,2,4,09,Brintesia_circe__Male
95,2,5,03,Pyrgus_sidae__Male
95,2,6,01,Papilio_alexanor__Female
95,2,7,04,Lycaena_tityrus__Female
95,2,8,07,Pyrgus_sidae__Male
95,2,9,05,Brintesia_circe__Male
95,2,10,08,Lycaena_tityrus__Female
95,3,1,06,Lycaena_tityrus__Female
95,3,2,03,Gonepteryx_cleobule__Male
95,3,3,07,Papilio_alexanor__Female
95,3,4,04,Gonepteryx_cleobule__Male
95,3,5,01,Lycaena_tityrus__Female
95,3,6,05,Papilio_alexanor__Female
95,3,7,02,Brintesia_circe__Male
95,3,8,08,Brintesia_circe__Male
95,3,9,10,Pyrgus_sidae__Male
95,3,10,09,Pyrgus_sidae__Male
96,1,1,02,Brintesia_circe__Male
96,1,2,10,Lycaena_tityrus__Female
96,1,3,01,Brintesia_circe__Male
96,1,4,03,Gonepteryx_cleobule__Male
96,1,5,06,Pyrgus_sidae__Male
96,1,6,09,Papilio_alexanor__Female
96,1,7,08,Pyrgus_sidae__Male
96,1,8,05,Papilio_alexanor__Female
96,1,9,07,Lycaena_tityrus__Female
96,1,10,04,Gonepteryx_cleobule__Male
96,2,1,10,Brintesia_circe__Male
96,2,2,07,Gonepteryx_cleobule__Male
96,2,3,08,Lycaena_tityrus__Female
96,2,4,02,Pyrgus_sidae__Male
96,2,5,03,Brintesia_circe__Male
96,2,6,05,Lycaena_tityrus__Female
96,2,7,04,Pyrgus_sidae__Male
96,2,8,09,Gonepteryx_cleobule__Male
96,2,9,01,Papilio_alexanor__Female
96,2,10,06,Papilio_alexanor__Female
96,3,1,06,Brintesia_circe__Male
96,3,2,10,Gonepteryx_cleobule__Male
96,3,3,02,Lycaena_tityrus__Female
96,3,4,04,Lycaena_tityrus__Female
96,3,5,08,Brintesia_circe__Male
96,3,6,07,Papilio_alexanor__Female
96,3,7,09,Pyrgus_sidae__Male
96,3,8,05,Pyrgus_sidae__Male
96,3,9,03,Papilio_alexanor__Female
96,3,10,01,Gonepteryx_cleobule__Male
97,1,1,02,Gonepteryx_cleobule__Male
97,1,2,05,Gonepteryx_cleobule__Male
97,1,3,07,Brintesia_circe__Male
97,1,4,01,Pyrgus_sidae__Male
97,1,5,10,Papilio_alexanor__Female
97,1,6,03,Pyrgus_sidae__Male
97,1,7,09,Brintesia_circe__Male
97,1,8,04,Papilio_alexanor__Female
97,1,9,08,Lycaena_tityrus__Female
97,1,10,06,Lycaena_tityrus__Female
97,2,1,01,Lycaena_tityrus__Female
97,2,2,05,Brintesia_circe__Male
97,2,3,06,Gonepteryx_cleobule__Male
97,2,4,10,Pyrgus_sidae__Male
97,2,5,03,Lycaena_tityrus__Female
97,2,6,02,Papilio_alexanor__Female
97,2,7,08,Papilio_alexanor__Female
97,2,8,07,Pyrgus_sidae__Male
97,2,9,09,Gonepteryx_cleobule__Male
97,2,10,04,Brintesia_circe__Male
97,3,1,01,Lycaena_tityrus__Female
97,3,2,09,Lycaena_tityrus__Female
97,3,3,08,Gonepteryx_cleobule__Male
97,3,4,07,Pyrgus_sidae__Male
97,3,5,03,Papilio_alexanor__Female
97,3,6,06,Papilio_alexanor__Female
97,3,7,10,Pyrgus_sidae__Male
97,3,8,02,Brintesia_circe__Male
97,3,9,05,Brintesia_circe__Male
97,3,10,04,Gonepteryx_cleobule__Male
98,1,1,03,Brintesia_circe__Male
98,1,2,07,Gonepteryx_cleobule__Male
98,1,3,05,Papilio_alexanor__Female
98,1,4,09,Lycaena_tityrus__Female
98,1,5,10,Lycaena_tityrus__Female
98,1,6,06,Pyrgus_sidae__Male
98,1,7,01,Gonepteryx_cleobule__Male
98,1,8,04,Brintesia_circe__Male
98,1,9,02,Papilio_alexanor__Female
98,1,10,08,Pyrgus_sidae__Male
98,2,1,02,Gonepteryx_cleobule__Male
98,2,2,07,Papilio_alexanor__Female
98,2,3,09,Brintesia_circe__Male
98,2,4,04,Papilio_alexanor__Female
98,2,5,08,Gonepteryx_cleobule__Male
98,2,6,01,Pyrgus_sidae__Male
98,2,7,03,Pyrgus_sidae__Male
98,2,8,05,Lycaena_tityrus__Female
98,2,9,06,Lycaena_tityrus__Female
98,2,10,10,Brintesia_circe__Male
98,3,1,04,Pyrgus_sidae__Male
98,3,2,09,Pyrgus_sidae__Male
98,3,3,02,Lycaena_tityrus__Female
98,3,4,10,Gonepteryx_cleobule__Male
98,3,5,08,Papilio_alexanor__Female
98,3,6,06,Brintesia_circe__Male
98,3,7,05,Gonepteryx_cleobule__Male
98,3,8,07,Brintesia_circe__Male
98,3,9,01,Papilio_alexanor__Female
98,3,10,03,Lycaena_tityrus__Female
99,1,1,05,Pyrgus_sidae__Male
99,1,2,06,Gonepteryx_cleobule__Male
99,1,3,08,Brintesia_circe__Male
99,1,4,01,Brintesia_circe__Male
99,1,5,03,Gonepteryx_cleobule__Male
99,1,6,02,Pyrgus_sidae__Male
99,1,7,07,Lycaena_tityrus__Female
99,1,8,10,Papilio_alexanor__Female
99,1,9,04,Lycaena_tityrus__Female
99,1,10,09,Papilio_alexanor__Female
99,2,1,02,Brintesia_circe__Male
99,2,2,04,Pyrgus_sidae__Male
99,2,3,09,Lycaena_tityrus__Female
99,2,4,03,Gonepteryx_cleobule__Male
99,2,5,08,Lycaena_tityrus__Female
99,2,6,06,Gonepteryx_cleobule__Male
99,2,7,07,Papilio_alexanor__Female
99,2,8,01,Papilio_alexanor__Female
99,2,9,05,Brintesia_circe__Male
99,2,10,10,Pyrgus_sidae__Male
99,3,1,04,Brintesia_circe__Male
99,3,2,01,Pyrgus_sidae__Male
99,3,3,10,Gonepteryx_cleobule__Male
99,3,4,09,Papilio_alexanor__Female
99,3,5,07,Lycaena_tityrus__Female
99,3,6,02,Papilio_alexanor__Female
99,3,7,08,Gonepteryx_cleobule__Male
99,3,8,06,Brintesia_circe__Male
99,3,9,03,Pyrgus_sidae__Male
99,3,10,05,Lycaena_tityrus__Female
100,1,1,05,Papilio_alexanor__Female
100,1,2,03,Lycaena_tityrus__Female
100,1,3,07,Gonepteryx_cleobule__Male
100,1,4,09,Brintesia_circe__Male
100,1,5,02,Lycaena_tityrus__Female
100,1,6,10,Brintesia_circe__Male
100,1,7,06,Pyrgus_sidae__Male
100,1,8,08,Pyrgus_sidae__Male
100,1,9,04,Papilio_alexanor__Female
100,1,10,01,Gonepteryx_cleobule__Male
100,2,1,04,Lycaena_tityrus__Female
100,2,2,08,Papilio_alexanor__Female
100,2,3,01,Lycaena_tityrus__Female
100,2,4,05,Gonepteryx_cleobule__Male
100,2,5,02,Pyrgus_sidae__Male
100,2,6,10,Papilio_alexanor__Female
100,2,7,09,Gonepteryx_cleobule__Male
100,2,8,03,Brintesia_circe__Male
100,2,9,07,Brintesia_circe__Male
100,2,10,06,Pyrgus_sidae__Male
100,3,1,05,Pyrgus_sidae__Male
100,3,2,07,Pyrgus_sidae__Male
100,3,3,03,Papilio_alexanor__Female
100,3,4,01,Brintesia_circe__Male
100,3,5,08,Brintesia_circe__Male
100,3,6,02,Gonepteryx_cleobule__Male
100,3,7,10,Lycaena_tityrus__Female
100,3,8,04,Gonepteryx_cleobule__Male
100,3,9,06,Papilio_alexanor__Female
100,3,10,09,Lycaena_tityrus__Female
